Attack,N,I_deg1,I_deg2,I_deg3,I_deg4,share_deg1,share_deg2,share_deg3,share_deg4,dominant,effective_degree
Analysis,368,1.4343281984329224,0.8128588199615479,0.013734816573560238,0.0002666574437171221,0.6343249082565308,0.359483003616333,0.006074158009141684,0.00011792800069088116,deg1,1.3719851015193854
Backdoor,1035,0.6601590514183044,0.5238016843795776,0.062797911465168,0.02390281856060028,0.5195397138595581,0.412227600812912,0.049421437084674835,0.018811320886015892,deg1,1.5675045102834702
Benign,3000,3.037238359451294,1.649515986442566,0.6715759038925171,0.07912223041057587,0.5585774779319763,0.3033619225025177,0.12350929528474808,0.014551342464983463,deg1,1.5940345786511898
DoS,1515,0.6038184762001038,1.2911492586135864,0.3822767734527588,4.75045108795166,0.08591984212398529,0.18372298777103424,0.05439575016498566,0.675961434841156,deg4,3.3203988075256348
Exploits,3000,0.7289003133773804,0.5545576214790344,0.1833743155002594,0.2616081237792969,0.4217098355293274,0.32084277272224426,0.10609235614538193,0.15135501325130463,deg1,1.9870925024151802
Fuzzers,3000,1.257153034210205,0.33330461382865906,0.04293885454535484,0.011225957423448563,0.7644022107124329,0.20266330242156982,0.0261086393147707,0.006825856864452362,deg1,1.275358160957694
Generic,1428,0.9996055960655212,0.7399629354476929,0.180430606007576,0.08012906461954117,0.49977073073387146,0.36995774507522583,0.09020951390266418,0.040061961859464645,deg1,1.6705626100301743
Reconnaissance,3000,1.0105928182601929,0.3227333724498749,0.04279825836420059,0.0028297770768404007,0.7328689694404602,0.23404210805892944,0.031036749482154846,0.002052118070423603,deg1,1.302271906286478
Shellcode,476,1.217572808265686,0.41898372769355774,0.04359051212668419,0.0009173194994218647,0.7242868542671204,0.24923716485500336,0.025930305942893028,0.0005456777871586382,deg1,1.3027348129544407
Worms,41,1.0986652374267578,0.7259259819984436,0.03409164026379585,0.0024906685575842857,0.5903078317642212,0.3900367319583893,0.01831728406250477,0.001338224858045578,deg1,1.4306860473006964
ALL,16863,0.9557013511657715,0.6893037557601929,0.2205880731344223,1.5095981359481812,0.2831547260284424,0.20422658324241638,0.06535572558641434,0.4472630023956299,deg4,2.6767270788550377
