Attack,N,I_deg1,I_deg2,I_deg3,share_deg1,share_deg2,share_deg3,dominant,effective_degree
Benign,8313,0.8905336856842041,0.5784497857093811,0.8240282535552979,0.3883685767650604,0.25226640701293945,0.3593650460243225,deg1,1.9709965288639069
BruteForce,96,0.5740455985069275,0.5936341881752014,2.2509090900421143,0.1679188758134842,0.1736488938331604,0.6584322452545166,deg3,2.490513399243355
DDoS,256795,1.4735219478607178,3.6564908027648926,5.007611274719238,0.1453518122434616,0.36068519949913025,0.4939630329608917,deg3,2.3486113101243973
DoS,61273,1.7164701223373413,3.5572123527526855,6.053687572479248,0.15153297781944275,0.31403693556785583,0.5344301462173462,deg3,2.382897287607193
Mirai,20025,4.7447004318237305,4.214200019836426,12.667719841003418,0.21939165890216827,0.19486169517040253,0.5857465863227844,deg3,2.3663548082113266
Recon,2643,0.6931542158126831,0.5897945165634155,0.9188283681869507,0.31481581926345825,0.26787206530570984,0.4173121750354767,deg3,2.102496474981308
Spoofing,3723,0.6078488826751709,2.2198081016540527,3.3968474864959717,0.09765417873859406,0.3566240668296814,0.5457217693328857,deg3,2.448067620396614
Web,188,0.9187138080596924,0.6942407488822937,0.5178737044334412,0.4311533570289612,0.3258078992366791,0.24303866922855377,deg1,1.8118851631879807
ALL,353056,1.6719863414764404,3.55790114402771,5.474391937255859,0.1561979353427887,0.3323812186717987,0.5114209055900574,deg3,2.3552230894565582
