accuracy,loss,val_accuracy,val_loss,learning_rate
0.8369812965393066,0.8018542528152466,0.8706860542297363,0.09449780732393265,0.0010000000474974513
0.9668712615966797,0.5707826614379883,0.9679214954376221,0.05365873500704765,0.0010000000474974513
0.9778478145599365,0.525632381439209,0.9724436402320862,0.04425080865621567,0.0010000000474974513
0.9800340533256531,0.5002577900886536,0.9667240977287292,0.05192973464727402,0.0010000000474974513
0.9811677932739258,0.4792318642139435,0.9686794281005859,0.04424304515123367,0.0010000000474974513
0.9818708300590515,0.46315279603004456,0.9726983904838562,0.03479981794953346,0.0010000000474974513
0.9824424386024475,0.45281872153282166,0.9730263948440552,0.03234327211976051,0.0010000000474974513
0.9821295738220215,0.4514535367488861,0.9481706023216248,0.05064654350280762,0.0010000000474974513
0.9820961356163025,0.43644455075263977,0.9803510308265686,0.026058727875351906,0.0010000000474974513
0.9830610752105713,0.4307013154029846,0.9812268018722534,0.0247961413115263,0.0010000000474974513
0.9824854135513306,0.42729032039642334,0.9821216464042664,0.02350790798664093,0.0010000000474974513
0.9835801124572754,0.41945692896842957,0.9819464683532715,0.02378077618777752,0.0010000000474974513
0.9834344387054443,0.41435205936431885,0.9818031787872314,0.02361794374883175,0.0010000000474974513
0.9834702610969543,0.4108772277832031,0.9820547699928284,0.02343570441007614,0.0010000000474974513
0.9837624430656433,0.4076111614704132,0.9820770621299744,0.023369312286376953,0.0010000000474974513
0.9839678406715393,0.40513309836387634,0.9820643067359924,0.023487605154514313,0.0010000000474974513
0.9839988946914673,0.40214183926582336,0.9821789860725403,0.023333629593253136,0.0010000000474974513
0.9842051267623901,0.3979659676551819,0.9819337725639343,0.02355068549513817,0.0010000000474974513
0.984226644039154,0.39536455273628235,0.9818987250328064,0.023605497553944588,0.0010000000474974513
0.9841812252998352,0.3937186598777771,0.9818605184555054,0.02367585338652134,0.0010000000474974513
0.984932005405426,0.3740801215171814,0.983873188495636,0.021889135241508484,0.0005000000237487257
0.984965443611145,0.37094661593437195,0.9838699698448181,0.021817682310938835,0.0005000000237487257
0.9849853515625,0.36926203966140747,0.9838636517524719,0.02177811972796917,0.0005000000237487257
0.985025942325592,0.3677010238170624,0.983860433101654,0.02172665484249592,0.0005000000237487257
0.985058605670929,0.3662951588630676,0.983879566192627,0.021687062457203865,0.0005000000237487257
0.9850577712059021,0.3650800287723541,0.9838827252388,0.021669257432222366,0.0005000000237487257
0.9850776791572571,0.3638934791088104,0.983901858329773,0.021645288914442062,0.0005000000237487257
0.9850960373878479,0.3628116548061371,0.9838986396789551,0.0216344203799963,0.0005000000237487257
0.985121488571167,0.3619121015071869,0.983917772769928,0.0216253362596035,0.0005000000237487257
0.985135018825531,0.36091044545173645,0.983949601650238,0.02159518003463745,0.0005000000237487257
0.98516845703125,0.3600459098815918,0.983924150466919,0.021580670028924942,0.0005000000237487257
0.9855952262878418,0.3514412045478821,0.9849941730499268,0.020742662250995636,0.0002500000118743628
0.9855888485908508,0.3480711877346039,0.9849209189414978,0.020762469619512558,0.0002500000118743628
0.985588014125824,0.34720537066459656,0.9848986268043518,0.02074340730905533,0.0002500000118743628
0.9855888485908508,0.34668365120887756,0.9849081635475159,0.0207170732319355,0.0002500000118743628
0.9855848550796509,0.34612321853637695,0.9849399924278259,0.020695721730589867,0.0002500000118743628
0.985599160194397,0.3455353379249573,0.9849559664726257,0.02067425847053528,0.0002500000118743628
0.9857831001281738,0.33984696865081787,0.9855418801307678,0.020314687862992287,0.0001250000059371814
0.9858269095420837,0.3390791118144989,0.9855005145072937,0.020294124260544777,0.0001250000059371814
0.9858173131942749,0.3386406898498535,0.9855036735534668,0.0202760249376297,0.0001250000059371814
0.9858213067054749,0.33824288845062256,0.9854941368103027,0.020260589197278023,0.0001250000059371814
0.9858300685882568,0.33786606788635254,0.9854909777641296,0.02024618163704872,0.0001250000059371814
0.9858284592628479,0.33751243352890015,0.9854909777641296,0.02023269049823284,0.0001250000059371814
0.9858786463737488,0.33451083302497864,0.9857616424560547,0.020115703344345093,6.25000029685907e-05
0.9858905673027039,0.33410367369651794,0.9857584834098816,0.020106220617890358,6.25000029685907e-05
0.9858985543251038,0.3338780403137207,0.9857711791992188,0.020096685737371445,6.25000029685907e-05
0.9858953356742859,0.33366769552230835,0.9857616424560547,0.020087463781237602,6.25000029685907e-05
0.9859033226966858,0.33346548676490784,0.9857552647590637,0.020078562200069427,6.25000029685907e-05
0.9859017133712769,0.3332705497741699,0.9857616424560547,0.02006988227367401,6.25000029685907e-05
0.9859208464622498,0.331673800945282,0.9858348965644836,0.020064963027834892,3.125000148429535e-05
0.9859311580657959,0.3314560055732727,0.9858380556106567,0.02005503699183464,3.125000148429535e-05
0.9859399199485779,0.33133557438850403,0.9858444333076477,0.02004932425916195,3.125000148429535e-05
0.9859415292739868,0.33122456073760986,0.9858412742614746,0.02004425972700119,3.125000148429535e-05
0.9859391450881958,0.3311176002025604,0.9858348965644836,0.020039355382323265,3.125000148429535e-05
0.9859725832939148,0.33022311329841614,0.9858539700508118,0.020071513950824738,1.5625000742147677e-05
0.9859941005706787,0.3301074206829071,0.9858667254447937,0.020065199583768845,1.5625000742147677e-05
0.9859941005706787,0.3300434947013855,0.9858731031417847,0.020060863345861435,1.5625000742147677e-05
0.9859972596168518,0.32998502254486084,0.9858731031417847,0.020057644695043564,1.5625000742147677e-05
0.9859948754310608,0.3299288749694824,0.9858762621879578,0.02005486749112606,1.5625000742147677e-05
0.9860076308250427,0.3294006884098053,0.9859208464622498,0.020083094015717506,7.812500371073838e-06
0.9860012531280518,0.32934772968292236,0.9859113097190857,0.020082073286175728,7.812500371073838e-06
0.9860036373138428,0.3293149173259735,0.9859176874160767,0.020079953595995903,7.812500371073838e-06
0.9860012531280518,0.3292851150035858,0.9859272241592407,0.020077969878911972,7.812500371073838e-06
0.9860044121742249,0.32925599813461304,0.9859272241592407,0.020076245069503784,7.812500371073838e-06
0.9860179424285889,0.32895246148109436,0.9859017729759216,0.0200918298214674,3.906250185536919e-06
0.9860163927078247,0.3289298713207245,0.9859049320220947,0.020093144848942757,3.906250185536919e-06
0.9860171675682068,0.32891371846199036,0.9859049320220947,0.02009250409901142,3.906250185536919e-06
0.9860171675682068,0.3288988173007965,0.9859049320220947,0.020091630518436432,3.906250185536919e-06
0.9860155582427979,0.3288840353488922,0.9859049320220947,0.020090743899345398,3.906250185536919e-06
0.9860259294509888,0.3287176489830017,0.9859017729759216,0.020095808431506157,1.9531250927684596e-06
0.9860275387763977,0.32870814204216003,0.9859017729759216,0.020097672939300537,1.9531250927684596e-06
0.9860290884971619,0.32870030403137207,0.9858985543251038,0.02009798400104046,1.9531250927684596e-06
0.9860275387763977,0.32869282364845276,0.9858953952789307,0.02009774185717106,1.9531250927684596e-06
0.9860275387763977,0.3286854326725006,0.9858953952789307,0.02009735442698002,1.9531250927684596e-06
