Attack,degree,features,coef,abs_coef
Analysis,1,NUM_PKTS_1024_TO_1514_BYTES,-0.20342819392681122,0.20342819392681122
Analysis,1,DST_TO_SRC_SECOND_BYTES,-0.11743180453777313,0.11743180453777313
Analysis,1,ICMP_IPV4_TYPE,-0.09923714399337769,0.09923714399337769
Analysis,1,IN_PKTS,-0.07691997289657593,0.07691997289657593
Analysis,1,SRC_TO_DST_SECOND_BYTES,-0.07490646094083786,0.07490646094083786
Analysis,1,MAX_TTL,-0.06773971766233444,0.06773971766233444
Analysis,1,IN_BYTES,-0.06587472558021545,0.06587472558021545
Analysis,1,TCP_WIN_MAX_OUT,0.06483691185712814,0.06483691185712814
Analysis,1,MIN_TTL,-0.06040869280695915,0.06040869280695915
Analysis,1,MIN_IP_PKT_LEN,0.0603095218539238,0.0603095218539238
Analysis,1,SHORTEST_FLOW_PKT,-0.05676794797182083,0.05676794797182083
Analysis,1,DST_TO_SRC_AVG_THROUGHPUT,0.05632415786385536,0.05632415786385536
Analysis,1,RETRANSMITTED_OUT_PKTS,-0.053219933062791824,0.053219933062791824
Analysis,1,FTP_COMMAND_RET_CODE,-0.05185757949948311,0.05185757949948311
Analysis,1,SRC_TO_DST_AVG_THROUGHPUT,0.0504935197532177,0.0504935197532177
Analysis,1,MAX_IP_PKT_LEN,0.047790467739105225,0.047790467739105225
Analysis,1,RETRANSMITTED_OUT_BYTES,0.04681512713432312,0.04681512713432312
Analysis,1,DURATION_OUT,-0.04490518942475319,0.04490518942475319
Analysis,1,DST_TO_SRC_IAT_MAX,0.0412527360022068,0.0412527360022068
Analysis,1,DST_TO_SRC_IAT_STDDEV,-0.038297731429338455,0.038297731429338455
Backdoor,1,NUM_PKTS_256_TO_512_BYTES,-0.08247987926006317,0.08247987926006317
Backdoor,1,SERVER_TCP_FLAGS,-0.08006487786769867,0.08006487786769867
Backdoor,1,PROTOCOL,0.07414909452199936,0.07414909452199936
Backdoor,1,SRC_TO_DST_AVG_THROUGHPUT,-0.06855076551437378,0.06855076551437378
Backdoor,1,L7_PROTO,-0.05573649704456329,0.05573649704456329
Backdoor,1,FTP_COMMAND_RET_CODE,0.053795911371707916,0.053795911371707916
Backdoor,1,SRC_TO_DST_IAT_AVG,0.0528470054268837,0.0528470054268837
Backdoor,1,DST_TO_SRC_SECOND_BYTES,-0.047798752784729004,0.047798752784729004
Backdoor,1,OUT_PKTS,0.04774526506662369,0.04774526506662369
Backdoor,1,ICMP_TYPE,-0.044337302446365356,0.044337302446365356
Backdoor,1,RETRANSMITTED_IN_PKTS,-0.043431106954813004,0.043431106954813004
Backdoor,1,FLOW_DURATION_MILLISECONDS,0.04252661392092705,0.04252661392092705
Backdoor,1,MAX_IP_PKT_LEN,-0.04191933944821358,0.04191933944821358
Backdoor,1,MIN_IP_PKT_LEN,0.03817436844110489,0.03817436844110489
Backdoor,1,DNS_QUERY_ID,-0.03700220584869385,0.03700220584869385
Backdoor,1,MIN_TTL,-0.03433680161833763,0.03433680161833763
Backdoor,1,DURATION_IN,0.03419551998376846,0.03419551998376846
Backdoor,1,DNS_QUERY_TYPE,-0.033153459429740906,0.033153459429740906
Backdoor,1,SHORTEST_FLOW_PKT,0.032228633761405945,0.032228633761405945
Backdoor,1,NUM_PKTS_UP_TO_128_BYTES,-0.031863633543252945,0.031863633543252945
Benign,1,MIN_TTL,-0.17481975257396698,0.17481975257396698
Benign,1,MAX_TTL,-0.15930718183517456,0.15930718183517456
Benign,1,TCP_WIN_MAX_IN,-0.1449088752269745,0.1449088752269745
Benign,1,DST_TO_SRC_IAT_AVG,-0.11807309091091156,0.11807309091091156
Benign,1,ICMP_TYPE,-0.11706332862377167,0.11706332862377167
Benign,1,SRC_TO_DST_AVG_THROUGHPUT,0.09996365010738373,0.09996365010738373
Benign,1,RETRANSMITTED_OUT_BYTES,0.09737390279769897,0.09737390279769897
Benign,1,ICMP_IPV4_TYPE,-0.09257880598306656,0.09257880598306656
Benign,1,RETRANSMITTED_IN_BYTES,-0.08526116609573364,0.08526116609573364
Benign,1,DST_TO_SRC_IAT_STDDEV,-0.08492568880319595,0.08492568880319595
Benign,1,TCP_WIN_MAX_OUT,-0.08481716364622116,0.08481716364622116
Benign,1,SHORTEST_FLOW_PKT,0.07824338227510452,0.07824338227510452
Benign,1,MIN_IP_PKT_LEN,0.07689833641052246,0.07689833641052246
Benign,1,DURATION_IN,-0.07350600510835648,0.07350600510835648
Benign,1,DST_TO_SRC_SECOND_BYTES,0.07286804914474487,0.07286804914474487
Benign,1,SRC_TO_DST_SECOND_BYTES,0.0643315240740776,0.0643315240740776
Benign,1,FTP_COMMAND_RET_CODE,0.06005310267210007,0.06005310267210007
Benign,1,SERVER_TCP_FLAGS,0.05841294676065445,0.05841294676065445
Benign,1,L7_PROTO,0.05702836439013481,0.05702836439013481
Benign,1,RETRANSMITTED_OUT_PKTS,0.056728657335042953,0.056728657335042953
DoS,1,SRC_TO_DST_SECOND_BYTES,0.09999556094408035,0.09999556094408035
DoS,1,NUM_PKTS_256_TO_512_BYTES,-0.09579303115606308,0.09579303115606308
DoS,1,OUT_BYTES,0.06612861901521683,0.06612861901521683
DoS,1,TCP_FLAGS,0.0649479553103447,0.0649479553103447
DoS,1,TCP_WIN_MAX_OUT,-0.057768285274505615,0.057768285274505615
DoS,1,DST_TO_SRC_IAT_AVG,-0.055551424622535706,0.055551424622535706
DoS,1,NUM_PKTS_512_TO_1024_BYTES,0.05410180613398552,0.05410180613398552
DoS,1,MAX_TTL,-0.05316043645143509,0.05316043645143509
DoS,1,ICMP_IPV4_TYPE,0.05023868754506111,0.05023868754506111
DoS,1,FLOW_DURATION_MILLISECONDS,0.04954790323972702,0.04954790323972702
DoS,1,SRC_TO_DST_IAT_STDDEV,0.0477663055062294,0.0477663055062294
DoS,1,SRC_TO_DST_IAT_AVG,0.04703037813305855,0.04703037813305855
DoS,1,CLIENT_TCP_FLAGS,0.04597586765885353,0.04597586765885353
DoS,1,DST_TO_SRC_IAT_MAX,-0.04530356824398041,0.04530356824398041
DoS,1,NUM_PKTS_1024_TO_1514_BYTES,0.043524350970983505,0.043524350970983505
DoS,1,FTP_COMMAND_RET_CODE,-0.04273183271288872,0.04273183271288872
DoS,1,SRC_TO_DST_IAT_MAX,-0.0372089147567749,0.0372089147567749
DoS,1,IN_BYTES,0.03517643362283707,0.03517643362283707
DoS,1,MIN_IP_PKT_LEN,-0.034910716116428375,0.034910716116428375
DoS,1,IN_PKTS,-0.03297709673643112,0.03297709673643112
Exploits,1,NUM_PKTS_256_TO_512_BYTES,-0.1297517865896225,0.1297517865896225
Exploits,1,RETRANSMITTED_OUT_PKTS,0.1033443734049797,0.1033443734049797
Exploits,1,RETRANSMITTED_OUT_BYTES,0.09758303314447403,0.09758303314447403
Exploits,1,FTP_COMMAND_RET_CODE,0.0968385711312294,0.0968385711312294
Exploits,1,NUM_PKTS_128_TO_256_BYTES,0.06735409051179886,0.06735409051179886
Exploits,1,NUM_PKTS_UP_TO_128_BYTES,0.06641539931297302,0.06641539931297302
Exploits,1,MAX_TTL,-0.06073108687996864,0.06073108687996864
Exploits,1,MIN_TTL,0.05899867042899132,0.05899867042899132
Exploits,1,DURATION_IN,-0.05522403120994568,0.05522403120994568
Exploits,1,IN_PKTS,-0.053648464381694794,0.053648464381694794
Exploits,1,DST_TO_SRC_SECOND_BYTES,0.0520755834877491,0.0520755834877491
Exploits,1,SHORTEST_FLOW_PKT,-0.049963779747486115,0.049963779747486115
Exploits,1,TCP_WIN_MAX_OUT,0.04862702265381813,0.04862702265381813
Exploits,1,MAX_IP_PKT_LEN,0.04630120098590851,0.04630120098590851
Exploits,1,PROTOCOL,-0.04295150935649872,0.04295150935649872
Exploits,1,SRC_TO_DST_IAT_MAX,0.042870666831731796,0.042870666831731796
Exploits,1,SERVER_TCP_FLAGS,0.03699849545955658,0.03699849545955658
Exploits,1,LONGEST_FLOW_PKT,-0.03357115015387535,0.03357115015387535
Exploits,1,DST_TO_SRC_IAT_STDDEV,-0.030204102396965027,0.030204102396965027
Exploits,1,RETRANSMITTED_IN_BYTES,-0.028199858963489532,0.028199858963489532
Fuzzers,1,SRC_TO_DST_SECOND_BYTES,-0.10642390698194504,0.10642390698194504
Fuzzers,1,ICMP_IPV4_TYPE,0.09816409647464752,0.09816409647464752
Fuzzers,1,LONGEST_FLOW_PKT,-0.08762852847576141,0.08762852847576141
Fuzzers,1,NUM_PKTS_UP_TO_128_BYTES,0.0797472670674324,0.0797472670674324
Fuzzers,1,TCP_FLAGS,-0.07765189558267593,0.07765189558267593
Fuzzers,1,MIN_TTL,0.0764899030327797,0.0764899030327797
Fuzzers,1,CLIENT_TCP_FLAGS,-0.07581713050603867,0.07581713050603867
Fuzzers,1,MAX_TTL,0.06303670257329941,0.06303670257329941
Fuzzers,1,NUM_PKTS_128_TO_256_BYTES,0.06215120106935501,0.06215120106935501
Fuzzers,1,NUM_PKTS_256_TO_512_BYTES,-0.060673050582408905,0.060673050582408905
Fuzzers,1,SRC_TO_DST_IAT_MAX,-0.05835501104593277,0.05835501104593277
Fuzzers,1,MIN_IP_PKT_LEN,-0.05766649171710014,0.05766649171710014
Fuzzers,1,DURATION_IN,-0.05756668001413345,0.05756668001413345
Fuzzers,1,SRC_TO_DST_IAT_AVG,0.05615043267607689,0.05615043267607689
Fuzzers,1,NUM_PKTS_512_TO_1024_BYTES,0.05416581407189369,0.05416581407189369
Fuzzers,1,RETRANSMITTED_IN_BYTES,-0.05311168357729912,0.05311168357729912
Fuzzers,1,PROTOCOL,-0.05043719708919525,0.05043719708919525
Fuzzers,1,OUT_BYTES,-0.04522983729839325,0.04522983729839325
Fuzzers,1,SRC_TO_DST_IAT_STDDEV,0.042304374277591705,0.042304374277591705
Fuzzers,1,DST_TO_SRC_AVG_THROUGHPUT,-0.04082102328538895,0.04082102328538895
Generic,1,RETRANSMITTED_IN_PKTS,-0.10611619800329208,0.10611619800329208
Generic,1,SRC_TO_DST_IAT_AVG,0.08407118171453476,0.08407118171453476
Generic,1,NUM_PKTS_UP_TO_128_BYTES,-0.07234568893909454,0.07234568893909454
Generic,1,SRC_TO_DST_IAT_MAX,0.06974850594997406,0.06974850594997406
Generic,1,DST_TO_SRC_IAT_MAX,-0.06858786195516586,0.06858786195516586
Generic,1,IN_BYTES,0.06263832002878189,0.06263832002878189
Generic,1,ICMP_IPV4_TYPE,0.06010193005204201,0.06010193005204201
Generic,1,TCP_WIN_MAX_OUT,-0.05894644558429718,0.05894644558429718
Generic,1,NUM_PKTS_512_TO_1024_BYTES,0.05759685859084129,0.05759685859084129
Generic,1,RETRANSMITTED_IN_BYTES,0.05545441806316376,0.05545441806316376
Generic,1,NUM_PKTS_256_TO_512_BYTES,-0.052748341113328934,0.052748341113328934
Generic,1,DST_TO_SRC_SECOND_BYTES,-0.05251911282539368,0.05251911282539368
Generic,1,DURATION_OUT,-0.04876598343253136,0.04876598343253136
Generic,1,IN_PKTS,-0.04612424597144127,0.04612424597144127
Generic,1,CLIENT_TCP_FLAGS,-0.04428797960281372,0.04428797960281372
Generic,1,NUM_PKTS_1024_TO_1514_BYTES,0.04417134076356888,0.04417134076356888
Generic,1,RETRANSMITTED_OUT_BYTES,0.04316648840904236,0.04316648840904236
Generic,1,SRC_TO_DST_SECOND_BYTES,0.04026227816939354,0.04026227816939354
Generic,1,OUT_PKTS,-0.03988017141819,0.03988017141819
Generic,1,SRC_TO_DST_IAT_STDDEV,-0.03800857812166214,0.03800857812166214
Reconnaissance,1,SRC_TO_DST_IAT_MAX,0.14070554077625275,0.14070554077625275
Reconnaissance,1,DST_TO_SRC_IAT_MAX,-0.12106189876794815,0.12106189876794815
Reconnaissance,1,RETRANSMITTED_OUT_PKTS,-0.1170184388756752,0.1170184388756752
Reconnaissance,1,OUT_PKTS,0.08089087903499603,0.08089087903499603
Reconnaissance,1,RETRANSMITTED_OUT_BYTES,-0.07867570221424103,0.07867570221424103
Reconnaissance,1,PROTOCOL,-0.07471438497304916,0.07471438497304916
Reconnaissance,1,DST_TO_SRC_IAT_STDDEV,-0.07359246909618378,0.07359246909618378
Reconnaissance,1,DST_TO_SRC_SECOND_BYTES,0.07189392298460007,0.07189392298460007
Reconnaissance,1,SRC_TO_DST_IAT_STDDEV,0.07086361199617386,0.07086361199617386
Reconnaissance,1,TCP_WIN_MAX_IN,0.06473971158266068,0.06473971158266068
Reconnaissance,1,SRC_TO_DST_AVG_THROUGHPUT,-0.0646238923072815,0.0646238923072815
Reconnaissance,1,SERVER_TCP_FLAGS,-0.05771464481949806,0.05771464481949806
Reconnaissance,1,SRC_TO_DST_SECOND_BYTES,-0.05682060122489929,0.05682060122489929
Reconnaissance,1,SRC_TO_DST_IAT_AVG,-0.05448523908853531,0.05448523908853531
Reconnaissance,1,DURATION_OUT,0.053956713527441025,0.053956713527441025
Reconnaissance,1,NUM_PKTS_512_TO_1024_BYTES,-0.053844861686229706,0.053844861686229706
Reconnaissance,1,L7_PROTO,0.05086023733019829,0.05086023733019829
Reconnaissance,1,FLOW_DURATION_MILLISECONDS,-0.04855338856577873,0.04855338856577873
Reconnaissance,1,NUM_PKTS_128_TO_256_BYTES,0.04726240783929825,0.04726240783929825
Reconnaissance,1,DST_TO_SRC_AVG_THROUGHPUT,0.04701932147145271,0.04701932147145271
Shellcode,1,RETRANSMITTED_OUT_BYTES,-0.19630101323127747,0.19630101323127747
Shellcode,1,RETRANSMITTED_OUT_PKTS,-0.1616968810558319,0.1616968810558319
Shellcode,1,RETRANSMITTED_IN_PKTS,0.10012201219797134,0.10012201219797134
Shellcode,1,ICMP_IPV4_TYPE,0.09117034822702408,0.09117034822702408
Shellcode,1,OUT_PKTS,-0.08071798831224442,0.08071798831224442
Shellcode,1,NUM_PKTS_512_TO_1024_BYTES,-0.0779201090335846,0.0779201090335846
Shellcode,1,IN_PKTS,0.07489071041345596,0.07489071041345596
Shellcode,1,NUM_PKTS_1024_TO_1514_BYTES,-0.06977638602256775,0.06977638602256775
Shellcode,1,DST_TO_SRC_IAT_STDDEV,-0.06155352294445038,0.06155352294445038
Shellcode,1,NUM_PKTS_128_TO_256_BYTES,0.06094544380903244,0.06094544380903244
Shellcode,1,DST_TO_SRC_IAT_MAX,-0.05876122787594795,0.05876122787594795
Shellcode,1,SRC_TO_DST_IAT_MAX,-0.0498003289103508,0.0498003289103508
Shellcode,1,TCP_FLAGS,0.04365278035402298,0.04365278035402298
Shellcode,1,NUM_PKTS_256_TO_512_BYTES,-0.04300648346543312,0.04300648346543312
Shellcode,1,FLOW_DURATION_MILLISECONDS,-0.04086712375283241,0.04086712375283241
Shellcode,1,FTP_COMMAND_RET_CODE,-0.04074946790933609,0.04074946790933609
Shellcode,1,MIN_IP_PKT_LEN,0.040708962827920914,0.040708962827920914
Shellcode,1,OUT_BYTES,0.03884647786617279,0.03884647786617279
Shellcode,1,IN_BYTES,-0.03587287291884422,0.03587287291884422
Shellcode,1,DURATION_OUT,-0.03447221219539642,0.03447221219539642
Worms,1,NUM_PKTS_512_TO_1024_BYTES,-0.17350830137729645,0.17350830137729645
Worms,1,NUM_PKTS_128_TO_256_BYTES,-0.10625985264778137,0.10625985264778137
Worms,1,RETRANSMITTED_IN_PKTS,-0.08968137949705124,0.08968137949705124
Worms,1,SRC_TO_DST_IAT_MAX,-0.08002884685993195,0.08002884685993195
Worms,1,L7_PROTO,-0.07583598792552948,0.07583598792552948
Worms,1,DST_TO_SRC_SECOND_BYTES,0.06913681328296661,0.06913681328296661
Worms,1,SERVER_TCP_FLAGS,-0.06248803064227104,0.06248803064227104
Worms,1,DST_TO_SRC_IAT_AVG,0.061011381447315216,0.061011381447315216
Worms,1,RETRANSMITTED_OUT_BYTES,-0.05924339219927788,0.05924339219927788
Worms,1,FTP_COMMAND_RET_CODE,-0.055891554802656174,0.055891554802656174
Worms,1,DURATION_OUT,0.05282508209347725,0.05282508209347725
Worms,1,NUM_PKTS_UP_TO_128_BYTES,-0.04909663274884224,0.04909663274884224
Worms,1,PROTOCOL,-0.049059126526117325,0.049059126526117325
Worms,1,TCP_FLAGS,0.04876343905925751,0.04876343905925751
Worms,1,NUM_PKTS_1024_TO_1514_BYTES,-0.046652261167764664,0.046652261167764664
Worms,1,OUT_PKTS,-0.04543956369161606,0.04543956369161606
Worms,1,DST_TO_SRC_AVG_THROUGHPUT,-0.04529932141304016,0.04529932141304016
Worms,1,SRC_TO_DST_IAT_STDDEV,-0.04056558012962341,0.04056558012962341
Worms,1,TCP_WIN_MAX_IN,-0.039762794971466064,0.039762794971466064
Worms,1,OUT_BYTES,0.03609904274344444,0.03609904274344444
Analysis,2,SRC_TO_DST_IAT_AVG x NUM_PKTS_1024_TO_1514_BYTES,-0.04823091998696327,0.04823091998696327
Analysis,2,NUM_PKTS_512_TO_1024_BYTES x NUM_PKTS_1024_TO_1514_BYTES,0.04093503579497337,0.04093503579497337
Analysis,2,NUM_PKTS_1024_TO_1514_BYTES x RETRANSMITTED_OUT_PKTS,0.038203079253435135,0.038203079253435135
Analysis,2,NUM_PKTS_1024_TO_1514_BYTES x DST_TO_SRC_SECOND_BYTES,0.035120368003845215,0.035120368003845215
Analysis,2,NUM_PKTS_1024_TO_1514_BYTES x DST_TO_SRC_IAT_STDDEV,-0.03095412068068981,0.03095412068068981
Analysis,2,NUM_PKTS_1024_TO_1514_BYTES x CLIENT_TCP_FLAGS,-0.030508965253829956,0.030508965253829956
Analysis,2,FTP_COMMAND_RET_CODE x NUM_PKTS_1024_TO_1514_BYTES,-0.02905731275677681,0.02905731275677681
Analysis,2,DST_TO_SRC_IAT_AVG x NUM_PKTS_1024_TO_1514_BYTES,-0.028651785105466843,0.028651785105466843
Analysis,2,MIN_IP_PKT_LEN x NUM_PKTS_1024_TO_1514_BYTES,-0.026724396273493767,0.026724396273493767
Analysis,2,NUM_PKTS_1024_TO_1514_BYTES x MIN_TTL,-0.02648613415658474,0.02648613415658474
Analysis,2,NUM_PKTS_1024_TO_1514_BYTES x NUM_PKTS_UP_TO_128_BYTES,0.026348434388637543,0.026348434388637543
Analysis,2,NUM_PKTS_1024_TO_1514_BYTES x SRC_TO_DST_SECOND_BYTES,0.02584553137421608,0.02584553137421608
Analysis,2,DST_TO_SRC_IAT_MAX x NUM_PKTS_1024_TO_1514_BYTES,-0.024650657549500465,0.024650657549500465
Analysis,2,RETRANSMITTED_OUT_BYTES x NUM_PKTS_1024_TO_1514_BYTES,0.023741312325000763,0.023741312325000763
Analysis,2,NUM_PKTS_1024_TO_1514_BYTES x NUM_PKTS_256_TO_512_BYTES,0.02239273302257061,0.02239273302257061
Analysis,2,MAX_IP_PKT_LEN x NUM_PKTS_1024_TO_1514_BYTES,-0.021428707987070084,0.021428707987070084
Analysis,2,SHORTEST_FLOW_PKT x NUM_PKTS_1024_TO_1514_BYTES,-0.02132747694849968,0.02132747694849968
Analysis,2,IN_PKTS x NUM_PKTS_1024_TO_1514_BYTES,0.020499642938375473,0.020499642938375473
Analysis,2,FLOW_DURATION_MILLISECONDS x NUM_PKTS_1024_TO_1514_BYTES,-0.020448753610253334,0.020448753610253334
Analysis,2,OUT_PKTS x NUM_PKTS_1024_TO_1514_BYTES,0.02041015960276127,0.02041015960276127
Backdoor,2,RETRANSMITTED_OUT_PKTS x NUM_PKTS_128_TO_256_BYTES,-0.014085538685321808,0.014085538685321808
Backdoor,2,LONGEST_FLOW_PKT x NUM_PKTS_256_TO_512_BYTES,-0.009008844383060932,0.009008844383060932
Backdoor,2,RETRANSMITTED_OUT_BYTES x NUM_PKTS_128_TO_256_BYTES,-0.008757813833653927,0.008757813833653927
Backdoor,2,ICMP_IPV4_TYPE x NUM_PKTS_128_TO_256_BYTES,0.008250719867646694,0.008250719867646694
Backdoor,2,NUM_PKTS_256_TO_512_BYTES x DST_TO_SRC_AVG_THROUGHPUT,-0.008083329536020756,0.008083329536020756
Backdoor,2,NUM_PKTS_256_TO_512_BYTES x MAX_TTL,-0.007144843228161335,0.007144843228161335
Backdoor,2,RETRANSMITTED_OUT_BYTES x NUM_PKTS_512_TO_1024_BYTES,0.006403214763849974,0.006403214763849974
Backdoor,2,NUM_PKTS_128_TO_256_BYTES x NUM_PKTS_512_TO_1024_BYTES,-0.006206016521900892,0.006206016521900892
Backdoor,2,NUM_PKTS_128_TO_256_BYTES x SRC_TO_DST_SECOND_BYTES,-0.006020199041813612,0.006020199041813612
Backdoor,2,ICMP_IPV4_TYPE x IN_PKTS,0.0060000941157341,0.0060000941157341
Backdoor,2,TCP_WIN_MAX_OUT x NUM_PKTS_128_TO_256_BYTES,0.005851679481565952,0.005851679481565952
Backdoor,2,DST_TO_SRC_IAT_AVG x TCP_FLAGS,0.0056951604783535,0.0056951604783535
Backdoor,2,RETRANSMITTED_OUT_PKTS x L7_PROTO,-0.005624548532068729,0.005624548532068729
Backdoor,2,OUT_BYTES x L7_PROTO,-0.005494517274200916,0.005494517274200916
Backdoor,2,NUM_PKTS_128_TO_256_BYTES^2,-0.005358449183404446,0.005358449183404446
Backdoor,2,NUM_PKTS_256_TO_512_BYTES x RETRANSMITTED_IN_PKTS,0.005344386678189039,0.005344386678189039
Backdoor,2,TCP_FLAGS x NUM_PKTS_128_TO_256_BYTES,0.0053333411924541,0.0053333411924541
Backdoor,2,DST_TO_SRC_SECOND_BYTES x NUM_PKTS_256_TO_512_BYTES,0.005212060175836086,0.005212060175836086
Backdoor,2,NUM_PKTS_128_TO_256_BYTES x SHORTEST_FLOW_PKT,0.004904529545456171,0.004904529545456171
Backdoor,2,DURATION_OUT x LONGEST_FLOW_PKT,0.0047197500243783,0.0047197500243783
Benign,2,MIN_TTL^2,-0.0273669995367527,0.0273669995367527
Benign,2,DST_TO_SRC_AVG_THROUGHPUT x MIN_TTL,-0.02256120927631855,0.02256120927631855
Benign,2,MIN_TTL x FTP_COMMAND_RET_CODE,-0.018659057095646858,0.018659057095646858
Benign,2,MAX_TTL x MIN_TTL,-0.017900194972753525,0.017900194972753525
Benign,2,TCP_WIN_MAX_OUT x MIN_TTL,-0.01593673974275589,0.01593673974275589
Benign,2,MIN_TTL x SRC_TO_DST_IAT_AVG,-0.01427900604903698,0.01427900604903698
Benign,2,SRC_TO_DST_SECOND_BYTES x FTP_COMMAND_RET_CODE,0.013275128789246082,0.013275128789246082
Benign,2,DST_TO_SRC_AVG_THROUGHPUT x NUM_PKTS_256_TO_512_BYTES,-0.012689275667071342,0.012689275667071342
Benign,2,DST_TO_SRC_IAT_STDDEV x MIN_TTL,-0.012043670751154423,0.012043670751154423
Benign,2,NUM_PKTS_256_TO_512_BYTES x SRC_TO_DST_SECOND_BYTES,-0.011592727154493332,0.011592727154493332
Benign,2,SRC_TO_DST_AVG_THROUGHPUT x MIN_TTL,-0.011093400418758392,0.011093400418758392
Benign,2,OUT_PKTS x MIN_TTL,-0.010424582287669182,0.010424582287669182
Benign,2,MIN_TTL x SRC_TO_DST_SECOND_BYTES,-0.010399851016700268,0.010399851016700268
Benign,2,MIN_TTL x IN_BYTES,-0.01005378644913435,0.01005378644913435
Benign,2,LONGEST_FLOW_PKT x MIN_TTL,-0.009727097116410732,0.009727097116410732
Benign,2,IN_BYTES x NUM_PKTS_UP_TO_128_BYTES,0.009475377388298512,0.009475377388298512
Benign,2,OUT_BYTES x MIN_TTL,-0.009231388568878174,0.009231388568878174
Benign,2,RETRANSMITTED_OUT_PKTS x MIN_TTL,-0.009215477854013443,0.009215477854013443
Benign,2,SRC_TO_DST_IAT_STDDEV x IN_BYTES,0.009085316210985184,0.009085316210985184
Benign,2,RETRANSMITTED_IN_BYTES x IN_BYTES,-0.00887784082442522,0.00887784082442522
DoS,2,RETRANSMITTED_OUT_PKTS x NUM_PKTS_128_TO_256_BYTES,0.011769179254770279,0.011769179254770279
DoS,2,RETRANSMITTED_IN_PKTS x NUM_PKTS_128_TO_256_BYTES,0.009897002018988132,0.009897002018988132
DoS,2,NUM_PKTS_256_TO_512_BYTES x DST_TO_SRC_AVG_THROUGHPUT,-0.007815323770046234,0.007815323770046234
DoS,2,NUM_PKTS_128_TO_256_BYTES x NUM_PKTS_512_TO_1024_BYTES,0.007809649221599102,0.007809649221599102
DoS,2,FTP_COMMAND_RET_CODE x SRC_TO_DST_SECOND_BYTES,0.007686278782784939,0.007686278782784939
DoS,2,SRC_TO_DST_SECOND_BYTES x NUM_PKTS_256_TO_512_BYTES,-0.007472705561667681,0.007472705561667681
DoS,2,RETRANSMITTED_OUT_BYTES x NUM_PKTS_128_TO_256_BYTES,0.007418380584567785,0.007418380584567785
DoS,2,NUM_PKTS_256_TO_512_BYTES x MAX_TTL,-0.0068234349600970745,0.0068234349600970745
DoS,2,L7_PROTO x OUT_BYTES,0.006510274484753609,0.006510274484753609
DoS,2,TCP_WIN_MAX_OUT x NUM_PKTS_128_TO_256_BYTES,-0.006211069878190756,0.006211069878190756
DoS,2,NUM_PKTS_128_TO_256_BYTES^2,0.006206863559782505,0.006206863559782505
DoS,2,L7_PROTO x DURATION_OUT,0.006167673505842686,0.006167673505842686
DoS,2,SRC_TO_DST_SECOND_BYTES x DST_TO_SRC_IAT_STDDEV,0.006130795925855637,0.006130795925855637
DoS,2,L7_PROTO x RETRANSMITTED_OUT_PKTS,-0.005967953708022833,0.005967953708022833
DoS,2,SRC_TO_DST_SECOND_BYTES x NUM_PKTS_1024_TO_1514_BYTES,-0.005915706977248192,0.005915706977248192
DoS,2,DST_TO_SRC_IAT_MAX x DST_TO_SRC_IAT_STDDEV,0.005735044367611408,0.005735044367611408
DoS,2,NUM_PKTS_1024_TO_1514_BYTES x NUM_PKTS_512_TO_1024_BYTES,-0.005626802332699299,0.005626802332699299
DoS,2,CLIENT_TCP_FLAGS x NUM_PKTS_128_TO_256_BYTES,-0.005577910225838423,0.005577910225838423
DoS,2,DURATION_OUT x CLIENT_TCP_FLAGS,-0.005484942812472582,0.005484942812472582
DoS,2,MIN_IP_PKT_LEN x SRC_TO_DST_SECOND_BYTES,0.005441872403025627,0.005441872403025627
Exploits,2,L7_PROTO x RETRANSMITTED_OUT_PKTS,0.010910093784332275,0.010910093784332275
Exploits,2,NUM_PKTS_1024_TO_1514_BYTES x NUM_PKTS_512_TO_1024_BYTES,-0.007920568808913231,0.007920568808913231
Exploits,2,NUM_PKTS_512_TO_1024_BYTES x SRC_TO_DST_IAT_AVG,0.007354357745498419,0.007354357745498419
Exploits,2,DST_TO_SRC_IAT_MAX x DST_TO_SRC_IAT_STDDEV,0.007232074625790119,0.007232074625790119
Exploits,2,RETRANSMITTED_OUT_PKTS x NUM_PKTS_1024_TO_1514_BYTES,-0.007196636870503426,0.007196636870503426
Exploits,2,SRC_TO_DST_IAT_STDDEV x DST_TO_SRC_IAT_STDDEV,-0.00653490237891674,0.00653490237891674
Exploits,2,DST_TO_SRC_IAT_STDDEV x SRC_TO_DST_IAT_MAX,-0.005906597711145878,0.005906597711145878
Exploits,2,L7_PROTO x OUT_BYTES,0.005773734301328659,0.005773734301328659
Exploits,2,L7_PROTO x ICMP_TYPE,0.00548497773706913,0.00548497773706913
Exploits,2,L7_PROTO x DURATION_OUT,0.004963553976267576,0.004963553976267576
Exploits,2,FTP_COMMAND_RET_CODE x MIN_TTL,-0.004943841136991978,0.004943841136991978
Exploits,2,L7_PROTO x SRC_TO_DST_IAT_AVG,-0.0049272142350673676,0.0049272142350673676
Exploits,2,DST_TO_SRC_IAT_MAX x SRC_TO_DST_IAT_AVG,0.004868164658546448,0.004868164658546448
Exploits,2,DST_TO_SRC_AVG_THROUGHPUT x MIN_TTL,-0.004668924957513809,0.004668924957513809
Exploits,2,DST_TO_SRC_IAT_MAX x ICMP_IPV4_TYPE,0.00465607363730669,0.00465607363730669
Exploits,2,DURATION_OUT x CLIENT_TCP_FLAGS,-0.004370230250060558,0.004370230250060558
Exploits,2,NUM_PKTS_256_TO_512_BYTES x DST_TO_SRC_AVG_THROUGHPUT,-0.004259347915649414,0.004259347915649414
Exploits,2,FTP_COMMAND_RET_CODE x RETRANSMITTED_OUT_BYTES,0.004209330305457115,0.004209330305457115
Exploits,2,SRC_TO_DST_SECOND_BYTES x FTP_COMMAND_RET_CODE,0.004133938811719418,0.004133938811719418
Exploits,2,L7_PROTO x FTP_COMMAND_RET_CODE,0.004105266183614731,0.004105266183614731
Fuzzers,2,SRC_TO_DST_SECOND_BYTES x FTP_COMMAND_RET_CODE,-0.01388264074921608,0.01388264074921608
Fuzzers,2,NUM_PKTS_128_TO_256_BYTES x RETRANSMITTED_OUT_PKTS,-0.013361251913011074,0.013361251913011074
Fuzzers,2,NUM_PKTS_128_TO_256_BYTES x RETRANSMITTED_OUT_BYTES,-0.013213301077485085,0.013213301077485085
Fuzzers,2,NUM_PKTS_256_TO_512_BYTES x MAX_TTL,-0.011685298755764961,0.011685298755764961
Fuzzers,2,NUM_PKTS_256_TO_512_BYTES x RETRANSMITTED_IN_PKTS,0.010030847042798996,0.010030847042798996
Fuzzers,2,NUM_PKTS_512_TO_1024_BYTES x RETRANSMITTED_OUT_BYTES,0.009831804782152176,0.009831804782152176
Fuzzers,2,SRC_TO_DST_SECOND_BYTES x LONGEST_FLOW_PKT,-0.009530081413686275,0.009530081413686275
Fuzzers,2,SRC_TO_DST_SECOND_BYTES x NUM_PKTS_1024_TO_1514_BYTES,0.009328686632215977,0.009328686632215977
Fuzzers,2,DST_TO_SRC_IAT_STDDEV x SRC_TO_DST_SECOND_BYTES,-0.00921801757067442,0.00921801757067442
Fuzzers,2,SHORTEST_FLOW_PKT x SRC_TO_DST_SECOND_BYTES,-0.008800162933766842,0.008800162933766842
Fuzzers,2,CLIENT_TCP_FLAGS x SRC_TO_DST_SECOND_BYTES,-0.008477873168885708,0.008477873168885708
Fuzzers,2,MIN_TTL x TCP_WIN_MAX_OUT,0.008282761089503765,0.008282761089503765
Fuzzers,2,TCP_WIN_MAX_OUT x MAX_TTL,0.008182421326637268,0.008182421326637268
Fuzzers,2,SRC_TO_DST_SECOND_BYTES x TCP_FLAGS,-0.008131039328873158,0.008131039328873158
Fuzzers,2,RETRANSMITTED_OUT_BYTES x MAX_IP_PKT_LEN,-0.007361028343439102,0.007361028343439102
Fuzzers,2,SERVER_TCP_FLAGS x L7_PROTO,0.0072153229266405106,0.0072153229266405106
Fuzzers,2,DST_TO_SRC_IAT_STDDEV x DST_TO_SRC_IAT_MAX,0.007197258993983269,0.007197258993983269
Fuzzers,2,NUM_PKTS_256_TO_512_BYTES x ICMP_TYPE,-0.007046537473797798,0.007046537473797798
Fuzzers,2,NUM_PKTS_256_TO_512_BYTES x DST_TO_SRC_IAT_MAX,-0.0070445179007947445,0.0070445179007947445
Fuzzers,2,SRC_TO_DST_SECOND_BYTES x L7_PROTO,-0.007024290971457958,0.007024290971457958
Generic,2,NUM_PKTS_512_TO_1024_BYTES x NUM_PKTS_1024_TO_1514_BYTES,-0.010045293718576431,0.010045293718576431
Generic,2,DST_TO_SRC_IAT_MAX x L7_PROTO,-0.006111868191510439,0.006111868191510439
Generic,2,NUM_PKTS_1024_TO_1514_BYTES x SRC_TO_DST_SECOND_BYTES,-0.005948452278971672,0.005948452278971672
Generic,2,NUM_PKTS_512_TO_1024_BYTES x SRC_TO_DST_IAT_AVG,0.00552632799372077,0.00552632799372077
Generic,2,MIN_IP_PKT_LEN x SRC_TO_DST_SECOND_BYTES,0.005472436547279358,0.005472436547279358
Generic,2,DNS_QUERY_ID x MIN_IP_PKT_LEN,-0.005234302021563053,0.005234302021563053
Generic,2,FTP_COMMAND_RET_CODE x SRC_TO_DST_SECOND_BYTES,0.005128577817231417,0.005128577817231417
Generic,2,NUM_PKTS_512_TO_1024_BYTES x RETRANSMITTED_OUT_BYTES,0.005127888172864914,0.005127888172864914
Generic,2,DNS_QUERY_ID x DST_TO_SRC_AVG_THROUGHPUT,-0.005055521614849567,0.005055521614849567
Generic,2,L7_PROTO x MAX_TTL,0.005054671783000231,0.005054671783000231
Generic,2,DST_TO_SRC_SECOND_BYTES x NUM_PKTS_512_TO_1024_BYTES,-0.005024604965001345,0.005024604965001345
Generic,2,MAX_TTL x MIN_TTL,-0.004971897229552269,0.004971897229552269
Generic,2,SHORTEST_FLOW_PKT x DNS_QUERY_ID,-0.004949019756168127,0.004949019756168127
Generic,2,LONGEST_FLOW_PKT x NUM_PKTS_UP_TO_128_BYTES,-0.004909634590148926,0.004909634590148926
Generic,2,MAX_TTL x NUM_PKTS_256_TO_512_BYTES,0.004899785853922367,0.004899785853922367
Generic,2,SRC_TO_DST_AVG_THROUGHPUT x DNS_QUERY_ID,-0.004734126850962639,0.004734126850962639
Generic,2,DST_TO_SRC_IAT_MAX x SRC_TO_DST_IAT_MAX,0.004733320325613022,0.004733320325613022
Generic,2,DST_TO_SRC_IAT_STDDEV x SRC_TO_DST_SECOND_BYTES,0.004718448035418987,0.004718448035418987
Generic,2,DNS_QUERY_ID x MAX_TTL,-0.004701747093349695,0.004701747093349695
Generic,2,MIN_IP_PKT_LEN x NUM_PKTS_512_TO_1024_BYTES,0.004662948660552502,0.004662948660552502
Reconnaissance,2,RETRANSMITTED_OUT_PKTS x NUM_PKTS_128_TO_256_BYTES,-0.019544322043657303,0.019544322043657303
Reconnaissance,2,RETRANSMITTED_OUT_PKTS x L7_PROTO,-0.017263516783714294,0.017263516783714294
Reconnaissance,2,NUM_PKTS_1024_TO_1514_BYTES x NUM_PKTS_512_TO_1024_BYTES,0.014661405235528946,0.014661405235528946
Reconnaissance,2,DST_TO_SRC_IAT_STDDEV x DST_TO_SRC_IAT_MAX,-0.01244203932583332,0.01244203932583332
Reconnaissance,2,MIN_TTL x MAX_TTL,-0.01007554680109024,0.01007554680109024
Reconnaissance,2,L7_PROTO x MAX_TTL,0.009925113059580326,0.009925113059580326
Reconnaissance,2,RETRANSMITTED_OUT_PKTS x NUM_PKTS_1024_TO_1514_BYTES,0.00968453474342823,0.00968453474342823
Reconnaissance,2,TCP_WIN_MAX_OUT x NUM_PKTS_128_TO_256_BYTES,0.00962889939546585,0.00962889939546585
Reconnaissance,2,DST_TO_SRC_IAT_MAX x L7_PROTO,-0.008869737386703491,0.008869737386703491
Reconnaissance,2,TCP_WIN_MAX_OUT x NUM_PKTS_512_TO_1024_BYTES,-0.00859692320227623,0.00859692320227623
Reconnaissance,2,DURATION_OUT x L7_PROTO,-0.008485560305416584,0.008485560305416584
Reconnaissance,2,NUM_PKTS_256_TO_512_BYTES x MAX_TTL,0.008339437656104565,0.008339437656104565
Reconnaissance,2,MAX_TTL x NUM_PKTS_1024_TO_1514_BYTES,-0.008294284343719482,0.008294284343719482
Reconnaissance,2,DST_TO_SRC_IAT_MAX x SRC_TO_DST_IAT_MAX,0.008223302662372589,0.008223302662372589
Reconnaissance,2,NUM_PKTS_128_TO_256_BYTES x NUM_PKTS_512_TO_1024_BYTES,-0.00815499760210514,0.00815499760210514
Reconnaissance,2,MIN_IP_PKT_LEN x NUM_PKTS_512_TO_1024_BYTES,-0.008016441017389297,0.008016441017389297
Reconnaissance,2,DST_TO_SRC_SECOND_BYTES x NUM_PKTS_512_TO_1024_BYTES,0.00790402665734291,0.00790402665734291
Reconnaissance,2,SRC_TO_DST_IAT_MAX x DST_TO_SRC_IAT_STDDEV,0.007882406935095787,0.007882406935095787
Reconnaissance,2,DST_TO_SRC_IAT_MAX x ICMP_IPV4_TYPE,-0.007627976592630148,0.007627976592630148
Reconnaissance,2,DST_TO_SRC_IAT_STDDEV x SRC_TO_DST_IAT_STDDEV,0.007611681707203388,0.007611681707203388
Shellcode,2,L7_PROTO x ICMP_TYPE,-0.011509493924677372,0.011509493924677372
Shellcode,2,DST_TO_SRC_SECOND_BYTES x NUM_PKTS_256_TO_512_BYTES,0.011504298076033592,0.011504298076033592
Shellcode,2,L7_PROTO x OUT_BYTES,-0.010635164566338062,0.010635164566338062
Shellcode,2,NUM_PKTS_512_TO_1024_BYTES x NUM_PKTS_1024_TO_1514_BYTES,0.01048361137509346,0.01048361137509346
Shellcode,2,SERVER_TCP_FLAGS x L7_PROTO,-0.010457112453877926,0.010457112453877926
Shellcode,2,NUM_PKTS_128_TO_256_BYTES x RETRANSMITTED_OUT_PKTS,-0.010268732905387878,0.010268732905387878
Shellcode,2,SRC_TO_DST_SECOND_BYTES x FTP_COMMAND_RET_CODE,-0.009843079373240471,0.009843079373240471
Shellcode,2,TCP_FLAGS x ICMP_TYPE,0.009647645056247711,0.009647645056247711
Shellcode,2,RETRANSMITTED_OUT_BYTES x NUM_PKTS_512_TO_1024_BYTES,-0.008860556408762932,0.008860556408762932
Shellcode,2,NUM_PKTS_1024_TO_1514_BYTES x DST_TO_SRC_SECOND_BYTES,0.008522821590304375,0.008522821590304375
Shellcode,2,L7_PROTO x NUM_PKTS_512_TO_1024_BYTES,0.007849312387406826,0.007849312387406826
Shellcode,2,NUM_PKTS_1024_TO_1514_BYTES x SRC_TO_DST_SECOND_BYTES,0.00778714707121253,0.00778714707121253
Shellcode,2,NUM_PKTS_512_TO_1024_BYTES x SRC_TO_DST_IAT_AVG,-0.0076800063252449036,0.0076800063252449036
Shellcode,2,SRC_TO_DST_AVG_THROUGHPUT x TCP_FLAGS,0.007417405489832163,0.007417405489832163
Shellcode,2,DST_TO_SRC_IAT_STDDEV x DST_TO_SRC_IAT_MAX,0.007326093968003988,0.007326093968003988
Shellcode,2,DST_TO_SRC_IAT_AVG x TCP_FLAGS,-0.007216800935566425,0.007216800935566425
Shellcode,2,MAX_TTL x NUM_PKTS_256_TO_512_BYTES,-0.007216115482151508,0.007216115482151508
Shellcode,2,NUM_PKTS_128_TO_256_BYTES x ICMP_IPV4_TYPE,0.007032683584839106,0.007032683584839106
Shellcode,2,NUM_PKTS_256_TO_512_BYTES x RETRANSMITTED_IN_PKTS,0.006884207017719746,0.006884207017719746
Shellcode,2,DST_TO_SRC_IAT_MAX x ICMP_IPV4_TYPE,0.006675936281681061,0.006675936281681061
Worms,2,NUM_PKTS_128_TO_256_BYTES x RETRANSMITTED_OUT_PKTS,0.022199975326657295,0.022199975326657295
Worms,2,NUM_PKTS_128_TO_256_BYTES x RETRANSMITTED_OUT_BYTES,0.015456372871994972,0.015456372871994972
Worms,2,RETRANSMITTED_OUT_BYTES x NUM_PKTS_512_TO_1024_BYTES,-0.013867894187569618,0.013867894187569618
Worms,2,NUM_PKTS_128_TO_256_BYTES x ICMP_IPV4_TYPE,-0.012767375446856022,0.012767375446856022
Worms,2,SRC_TO_DST_SECOND_BYTES x NUM_PKTS_128_TO_256_BYTES,0.011037461459636688,0.011037461459636688
Worms,2,NUM_PKTS_128_TO_256_BYTES x TCP_WIN_MAX_OUT,-0.010347978211939335,0.010347978211939335
Worms,2,NUM_PKTS_128_TO_256_BYTES x NUM_PKTS_512_TO_1024_BYTES,0.01032673753798008,0.01032673753798008
Worms,2,SERVER_TCP_FLAGS x NUM_PKTS_128_TO_256_BYTES,-0.009625229053199291,0.009625229053199291
Worms,2,DST_TO_SRC_SECOND_BYTES x NUM_PKTS_128_TO_256_BYTES,-0.009414699859917164,0.009414699859917164
Worms,2,NUM_PKTS_128_TO_256_BYTES^2,0.009376800619065762,0.009376800619065762
Worms,2,NUM_PKTS_1024_TO_1514_BYTES x NUM_PKTS_512_TO_1024_BYTES,0.008935002610087395,0.008935002610087395
Worms,2,SERVER_TCP_FLAGS x L7_PROTO,0.008836912922561169,0.008836912922561169
Worms,2,OUT_BYTES x L7_PROTO,0.00839629489928484,0.00839629489928484
Worms,2,SRC_TO_DST_IAT_AVG x NUM_PKTS_128_TO_256_BYTES,-0.0077224900014698505,0.0077224900014698505
Worms,2,NUM_PKTS_512_TO_1024_BYTES x DST_TO_SRC_SECOND_BYTES,0.007660869974642992,0.007660869974642992
Worms,2,NUM_PKTS_256_TO_512_BYTES x DST_TO_SRC_SECOND_BYTES,-0.007598248776048422,0.007598248776048422
Worms,2,PROTOCOL x NUM_PKTS_128_TO_256_BYTES,-0.007447522133588791,0.007447522133588791
Worms,2,NUM_PKTS_128_TO_256_BYTES x MIN_TTL,-0.007427780888974667,0.007427780888974667
Worms,2,FTP_COMMAND_RET_CODE x SRC_TO_DST_SECOND_BYTES,-0.0073824007995426655,0.0073824007995426655
Worms,2,SRC_TO_DST_IAT_STDDEV x NUM_PKTS_128_TO_256_BYTES,-0.007210610434412956,0.007210610434412956
Analysis,3,RETRANSMITTED_OUT_PKTS x RETRANSMITTED_OUT_PKTS x NUM_PKTS_128_TO_256_BYTES,0.009448685683310032,0.009448685683310032
Analysis,3,RETRANSMITTED_OUT_PKTS x NUM_PKTS_128_TO_256_BYTES x NUM_PKTS_512_TO_1024_BYTES,0.005033789202570915,0.005033789202570915
Analysis,3,RETRANSMITTED_OUT_PKTS x NUM_PKTS_128_TO_256_BYTES x NUM_PKTS_128_TO_256_BYTES,0.004209222737699747,0.004209222737699747
Analysis,3,RETRANSMITTED_IN_PKTS x RETRANSMITTED_OUT_PKTS x NUM_PKTS_128_TO_256_BYTES,0.0036497327964752913,0.0036497327964752913
Analysis,3,SRC_TO_DST_SECOND_BYTES x RETRANSMITTED_OUT_PKTS x NUM_PKTS_128_TO_256_BYTES,0.0035752211697399616,0.0035752211697399616
Analysis,3,SHORTEST_FLOW_PKT x RETRANSMITTED_OUT_PKTS x NUM_PKTS_128_TO_256_BYTES,-0.0035457699559628963,0.0035457699559628963
Analysis,3,RETRANSMITTED_OUT_PKTS x NUM_PKTS_128_TO_256_BYTES x SRC_TO_DST_IAT_AVG,-0.003466383321210742,0.003466383321210742
Analysis,3,RETRANSMITTED_OUT_PKTS x NUM_PKTS_128_TO_256_BYTES x TCP_WIN_MAX_OUT,-0.0034399195574223995,0.0034399195574223995
Analysis,3,RETRANSMITTED_OUT_PKTS x NUM_PKTS_128_TO_256_BYTES x SRC_TO_DST_IAT_STDDEV,-0.003436378901824355,0.003436378901824355
Analysis,3,MIN_TTL x RETRANSMITTED_OUT_PKTS x NUM_PKTS_128_TO_256_BYTES,-0.0032557747326791286,0.0032557747326791286
Analysis,3,PROTOCOL x RETRANSMITTED_OUT_PKTS x NUM_PKTS_128_TO_256_BYTES,-0.0030976252164691687,0.0030976252164691687
Analysis,3,RETRANSMITTED_OUT_PKTS x NUM_PKTS_128_TO_256_BYTES x TCP_WIN_MAX_IN,-0.002966624451801181,0.002966624451801181
Analysis,3,RETRANSMITTED_OUT_PKTS x NUM_PKTS_128_TO_256_BYTES x DST_TO_SRC_IAT_AVG,-0.002957854652777314,0.002957854652777314
Analysis,3,TCP_FLAGS x RETRANSMITTED_OUT_PKTS x NUM_PKTS_128_TO_256_BYTES,-0.002901835599914193,0.002901835599914193
Analysis,3,RETRANSMITTED_OUT_BYTES x RETRANSMITTED_OUT_PKTS x NUM_PKTS_128_TO_256_BYTES,0.002901260042563081,0.002901260042563081
Analysis,3,L7_PROTO x NUM_PKTS_512_TO_1024_BYTES x NUM_PKTS_1024_TO_1514_BYTES,0.0027145706117153168,0.0027145706117153168
Analysis,3,CLIENT_TCP_FLAGS x RETRANSMITTED_OUT_PKTS x NUM_PKTS_128_TO_256_BYTES,-0.002660396508872509,0.002660396508872509
Analysis,3,L7_PROTO x SRC_TO_DST_SECOND_BYTES x SRC_TO_DST_IAT_STDDEV,0.0025975911412388086,0.0025975911412388086
Analysis,3,SERVER_TCP_FLAGS x RETRANSMITTED_OUT_PKTS x NUM_PKTS_128_TO_256_BYTES,-0.002568272640928626,0.002568272640928626
Analysis,3,L7_PROTO x SERVER_TCP_FLAGS x NUM_PKTS_1024_TO_1514_BYTES,-0.0025302814319729805,0.0025302814319729805
Backdoor,3,RETRANSMITTED_IN_PKTS x NUM_PKTS_256_TO_512_BYTES x FTP_COMMAND_RET_CODE,-0.001720718340948224,0.001720718340948224
Backdoor,3,NUM_PKTS_1024_TO_1514_BYTES x FTP_COMMAND_RET_CODE x SRC_TO_DST_IAT_AVG,-0.0016683691646903753,0.0016683691646903753
Backdoor,3,L7_PROTO x NUM_PKTS_128_TO_256_BYTES x NUM_PKTS_512_TO_1024_BYTES,-0.0013575429329648614,0.0013575429329648614
Backdoor,3,NUM_PKTS_512_TO_1024_BYTES x NUM_PKTS_1024_TO_1514_BYTES x FTP_COMMAND_RET_CODE,0.001345028285868466,0.001345028285868466
Backdoor,3,RETRANSMITTED_OUT_PKTS x NUM_PKTS_1024_TO_1514_BYTES x FTP_COMMAND_RET_CODE,0.0012805236037820578,0.0012805236037820578
Backdoor,3,MIN_TTL x MIN_TTL x FTP_COMMAND_RET_CODE,-0.0012496266281232238,0.0012496266281232238
Backdoor,3,L7_PROTO x SRC_TO_DST_SECOND_BYTES x SRC_TO_DST_IAT_STDDEV,-0.0012399277184158564,0.0012399277184158564
Backdoor,3,NUM_PKTS_256_TO_512_BYTES x ICMP_TYPE x FTP_COMMAND_RET_CODE,0.0011549751507118344,0.0011549751507118344
Backdoor,3,L7_PROTO x MAX_TTL x FTP_COMMAND_RET_CODE,0.0011508213356137276,0.0011508213356137276
Backdoor,3,MAX_TTL x NUM_PKTS_256_TO_512_BYTES x FTP_COMMAND_RET_CODE,0.0011324090883135796,0.0011324090883135796
Backdoor,3,MIN_IP_PKT_LEN x NUM_PKTS_256_TO_512_BYTES x FTP_COMMAND_RET_CODE,0.0011198020074516535,0.0011198020074516535
Backdoor,3,FTP_COMMAND_RET_CODE x SRC_TO_DST_IAT_STDDEV x DST_TO_SRC_IAT_STDDEV,0.0011088148457929492,0.0011088148457929492
Backdoor,3,RETRANSMITTED_OUT_PKTS x NUM_PKTS_128_TO_256_BYTES x NUM_PKTS_512_TO_1024_BYTES,0.0011047939769923687,0.0011047939769923687
Backdoor,3,FTP_COMMAND_RET_CODE x SRC_TO_DST_IAT_MAX x DST_TO_SRC_IAT_STDDEV,0.0010764849139377475,0.0010764849139377475
Backdoor,3,DST_TO_SRC_SECOND_BYTES x NUM_PKTS_256_TO_512_BYTES x FTP_COMMAND_RET_CODE,-0.001057121786288917,0.001057121786288917
Backdoor,3,NUM_PKTS_1024_TO_1514_BYTES x FTP_COMMAND_RET_CODE x DST_TO_SRC_IAT_AVG,-0.0010292684892192483,0.0010292684892192483
Backdoor,3,NUM_PKTS_256_TO_512_BYTES x FTP_COMMAND_RET_CODE x DST_TO_SRC_IAT_MAX,0.000994041096419096,0.000994041096419096
Backdoor,3,RETRANSMITTED_OUT_PKTS x RETRANSMITTED_OUT_PKTS x NUM_PKTS_128_TO_256_BYTES,-0.0009765358408913016,0.0009765358408913016
Backdoor,3,NUM_PKTS_1024_TO_1514_BYTES x FTP_COMMAND_RET_CODE x DST_TO_SRC_IAT_STDDEV,-0.000975073897279799,0.000975073897279799
Backdoor,3,MIN_IP_PKT_LEN x NUM_PKTS_512_TO_1024_BYTES x FTP_COMMAND_RET_CODE,-0.0009666236001066864,0.0009666236001066864
Benign,3,L7_PROTO x SRC_TO_DST_SECOND_BYTES x SRC_TO_DST_IAT_STDDEV,-0.0026448979042470455,0.0026448979042470455
Benign,3,L7_PROTO x DST_TO_SRC_SECOND_BYTES x SRC_TO_DST_IAT_STDDEV,-0.0025321871507912874,0.0025321871507912874
Benign,3,DST_TO_SRC_SECOND_BYTES x RETRANSMITTED_OUT_PKTS x NUM_PKTS_128_TO_256_BYTES,-0.0024761289823800325,0.0024761289823800325
Benign,3,DST_TO_SRC_SECOND_BYTES x NUM_PKTS_512_TO_1024_BYTES x SRC_TO_DST_IAT_AVG,-0.0023940009996294975,0.0023940009996294975
Benign,3,L7_PROTO x SERVER_TCP_FLAGS x NUM_PKTS_UP_TO_128_BYTES,-0.0023730231914669275,0.0023730231914669275
Benign,3,DST_TO_SRC_SECOND_BYTES x SRC_TO_DST_IAT_STDDEV x DST_TO_SRC_IAT_STDDEV,0.0022880088072270155,0.0022880088072270155
Benign,3,DST_TO_SRC_SECOND_BYTES x SRC_TO_DST_IAT_MAX x DST_TO_SRC_IAT_STDDEV,0.002221296774223447,0.002221296774223447
Benign,3,RETRANSMITTED_OUT_PKTS x NUM_PKTS_128_TO_256_BYTES x NUM_PKTS_512_TO_1024_BYTES,-0.0021610797848552465,0.0021610797848552465
Benign,3,L7_PROTO x NUM_PKTS_512_TO_1024_BYTES x DST_TO_SRC_IAT_MAX,-0.0021117564756423235,0.0021117564756423235
Benign,3,RETRANSMITTED_IN_BYTES x RETRANSMITTED_OUT_PKTS x NUM_PKTS_128_TO_256_BYTES,-0.002102296333760023,0.002102296333760023
Benign,3,L7_PROTO x NUM_PKTS_512_TO_1024_BYTES x TCP_WIN_MAX_IN,-0.0019258687971159816,0.0019258687971159816
Benign,3,L7_PROTO x NUM_PKTS_UP_TO_128_BYTES x ICMP_TYPE,-0.0017365089152008295,0.0017365089152008295
Benign,3,DST_TO_SRC_SECOND_BYTES x NUM_PKTS_256_TO_512_BYTES x TCP_WIN_MAX_IN,-0.001714543323032558,0.001714543323032558
Benign,3,L7_PROTO x TCP_WIN_MAX_IN x SRC_TO_DST_IAT_STDDEV,0.0016740962164476514,0.0016740962164476514
Benign,3,PROTOCOL x L7_PROTO x SHORTEST_FLOW_PKT,0.0016670647310093045,0.0016670647310093045
Benign,3,DST_TO_SRC_SECOND_BYTES x RETRANSMITTED_OUT_BYTES x FTP_COMMAND_RET_CODE,0.0016667667077854276,0.0016667667077854276
Benign,3,L7_PROTO x TCP_WIN_MAX_OUT x SRC_TO_DST_IAT_STDDEV,-0.0016563700046390295,0.0016563700046390295
Benign,3,L7_PROTO x NUM_PKTS_UP_TO_128_BYTES x NUM_PKTS_512_TO_1024_BYTES,-0.00165360898245126,0.00165360898245126
Benign,3,DST_TO_SRC_SECOND_BYTES x DST_TO_SRC_IAT_MAX x DST_TO_SRC_IAT_STDDEV,-0.0016451041446998715,0.0016451041446998715
Benign,3,MIN_TTL x DST_TO_SRC_SECOND_BYTES x DST_TO_SRC_IAT_STDDEV,-0.0016407276270911098,0.0016407276270911098
DoS,3,L7_PROTO x SRC_TO_DST_SECOND_BYTES x SRC_TO_DST_IAT_STDDEV,-0.003011138644069433,0.003011138644069433
DoS,3,RETRANSMITTED_OUT_PKTS x RETRANSMITTED_OUT_PKTS x NUM_PKTS_128_TO_256_BYTES,-0.0029902560636401176,0.0029902560636401176
DoS,3,RETRANSMITTED_OUT_PKTS x NUM_PKTS_128_TO_256_BYTES x NUM_PKTS_512_TO_1024_BYTES,0.002418782562017441,0.002418782562017441
DoS,3,L7_PROTO x SRC_TO_DST_IAT_STDDEV x SRC_TO_DST_IAT_STDDEV,0.0016983149107545614,0.0016983149107545614
DoS,3,NUM_PKTS_512_TO_1024_BYTES x NUM_PKTS_512_TO_1024_BYTES x SRC_TO_DST_IAT_AVG,0.0016854030545800924,0.0016854030545800924
DoS,3,L7_PROTO x NUM_PKTS_512_TO_1024_BYTES x SRC_TO_DST_IAT_STDDEV,0.0015304492553696036,0.0015304492553696036
DoS,3,L7_PROTO x DST_TO_SRC_SECOND_BYTES x SRC_TO_DST_IAT_STDDEV,0.001516331802122295,0.001516331802122295
DoS,3,DST_TO_SRC_SECOND_BYTES x RETRANSMITTED_OUT_PKTS x NUM_PKTS_128_TO_256_BYTES,0.0014827628619968891,0.0014827628619968891
DoS,3,MIN_TTL x SRC_TO_DST_SECOND_BYTES x SRC_TO_DST_IAT_STDDEV,-0.0014809210551902652,0.0014809210551902652
DoS,3,DST_TO_SRC_SECOND_BYTES x NUM_PKTS_512_TO_1024_BYTES x SRC_TO_DST_IAT_AVG,0.001433582860045135,0.001433582860045135
DoS,3,SRC_TO_DST_SECOND_BYTES x NUM_PKTS_256_TO_512_BYTES x SRC_TO_DST_IAT_STDDEV,0.0014300255570560694,0.0014300255570560694
DoS,3,LONGEST_FLOW_PKT x SRC_TO_DST_SECOND_BYTES x SRC_TO_DST_IAT_STDDEV,0.0014144169399514794,0.0014144169399514794
DoS,3,L7_PROTO x NUM_PKTS_512_TO_1024_BYTES x NUM_PKTS_1024_TO_1514_BYTES,0.0014053148915991187,0.0014053148915991187
DoS,3,DST_TO_SRC_SECOND_BYTES x SRC_TO_DST_IAT_STDDEV x DST_TO_SRC_IAT_STDDEV,-0.0013701121788471937,0.0013701121788471937
DoS,3,SRC_TO_DST_SECOND_BYTES x SRC_TO_DST_IAT_MAX x SRC_TO_DST_IAT_STDDEV,-0.0013470416888594627,0.0013470416888594627
DoS,3,RETRANSMITTED_OUT_PKTS x NUM_PKTS_128_TO_256_BYTES x NUM_PKTS_128_TO_256_BYTES,-0.001332106301560998,0.001332106301560998
DoS,3,DST_TO_SRC_SECOND_BYTES x SRC_TO_DST_IAT_MAX x DST_TO_SRC_IAT_STDDEV,-0.0013301634462550282,0.0013301634462550282
DoS,3,SRC_TO_DST_SECOND_BYTES x SRC_TO_DST_IAT_STDDEV x SRC_TO_DST_IAT_STDDEV,-0.0013260591076686978,0.0013260591076686978
DoS,3,L7_PROTO x SERVER_TCP_FLAGS x NUM_PKTS_1024_TO_1514_BYTES,-0.0013099096249789,0.0013099096249789
DoS,3,NUM_PKTS_128_TO_256_BYTES x NUM_PKTS_512_TO_1024_BYTES x NUM_PKTS_512_TO_1024_BYTES,0.001288606901653111,0.001288606901653111
Exploits,3,RETRANSMITTED_OUT_PKTS x RETRANSMITTED_OUT_PKTS x NUM_PKTS_128_TO_256_BYTES,-0.0036148761864751577,0.0036148761864751577
Exploits,3,L7_PROTO x L7_PROTO x OUT_BYTES,0.0019457255257293582,0.0019457255257293582
Exploits,3,RETRANSMITTED_OUT_PKTS x NUM_PKTS_128_TO_256_BYTES x NUM_PKTS_512_TO_1024_BYTES,-0.0019258259562775493,0.0019258259562775493
Exploits,3,L7_PROTO x L7_PROTO x SERVER_TCP_FLAGS,0.0016950201243162155,0.0016950201243162155
Exploits,3,RETRANSMITTED_OUT_PKTS x NUM_PKTS_128_TO_256_BYTES x NUM_PKTS_128_TO_256_BYTES,-0.0016103634843602777,0.0016103634843602777
Exploits,3,L7_PROTO x RETRANSMITTED_OUT_PKTS x NUM_PKTS_128_TO_256_BYTES,0.001504763145931065,0.001504763145931065
Exploits,3,RETRANSMITTED_IN_PKTS x RETRANSMITTED_OUT_PKTS x NUM_PKTS_128_TO_256_BYTES,-0.0013963140081614256,0.0013963140081614256
Exploits,3,PROTOCOL x L7_PROTO x SHORTEST_FLOW_PKT,-0.0013872005511075258,0.0013872005511075258
Exploits,3,SRC_TO_DST_SECOND_BYTES x RETRANSMITTED_OUT_PKTS x NUM_PKTS_128_TO_256_BYTES,-0.001367807388305664,0.001367807388305664
Exploits,3,SHORTEST_FLOW_PKT x RETRANSMITTED_OUT_PKTS x NUM_PKTS_128_TO_256_BYTES,0.0013565398985520005,0.0013565398985520005
Exploits,3,PROTOCOL x L7_PROTO x L7_PROTO,0.0013551111333072186,0.0013551111333072186
Exploits,3,RETRANSMITTED_OUT_PKTS x NUM_PKTS_128_TO_256_BYTES x SRC_TO_DST_IAT_AVG,0.0013261681888252497,0.0013261681888252497
Exploits,3,RETRANSMITTED_OUT_PKTS x NUM_PKTS_128_TO_256_BYTES x TCP_WIN_MAX_OUT,0.001316043664701283,0.001316043664701283
Exploits,3,L7_PROTO x SRC_TO_DST_IAT_STDDEV x SRC_TO_DST_IAT_STDDEV,0.001315350760705769,0.001315350760705769
Exploits,3,RETRANSMITTED_OUT_PKTS x NUM_PKTS_128_TO_256_BYTES x SRC_TO_DST_IAT_STDDEV,0.0013146890560165048,0.0013146890560165048
Exploits,3,L7_PROTO x L7_PROTO x ICMP_TYPE,0.0012847724137827754,0.0012847724137827754
Exploits,3,MIN_TTL x RETRANSMITTED_OUT_PKTS x NUM_PKTS_128_TO_256_BYTES,0.0012455936521291733,0.0012455936521291733
Exploits,3,PROTOCOL x RETRANSMITTED_OUT_PKTS x NUM_PKTS_128_TO_256_BYTES,0.001185088767670095,0.001185088767670095
Exploits,3,L7_PROTO x SERVER_TCP_FLAGS x NUM_PKTS_UP_TO_128_BYTES,-0.001171285635791719,0.001171285635791719
Exploits,3,RETRANSMITTED_OUT_PKTS x NUM_PKTS_128_TO_256_BYTES x TCP_WIN_MAX_IN,0.0011349705746397376,0.0011349705746397376
Fuzzers,3,RETRANSMITTED_OUT_PKTS x RETRANSMITTED_OUT_PKTS x NUM_PKTS_128_TO_256_BYTES,0.010601687245070934,0.010601687245070934
Fuzzers,3,RETRANSMITTED_OUT_PKTS x NUM_PKTS_128_TO_256_BYTES x NUM_PKTS_512_TO_1024_BYTES,0.005648051388561726,0.005648051388561726
Fuzzers,3,RETRANSMITTED_OUT_PKTS x NUM_PKTS_128_TO_256_BYTES x NUM_PKTS_128_TO_256_BYTES,0.004722864832729101,0.004722864832729101
Fuzzers,3,RETRANSMITTED_IN_PKTS x RETRANSMITTED_OUT_PKTS x NUM_PKTS_128_TO_256_BYTES,0.0040951017290353775,0.0040951017290353775
Fuzzers,3,SRC_TO_DST_SECOND_BYTES x RETRANSMITTED_OUT_PKTS x NUM_PKTS_128_TO_256_BYTES,0.004011497832834721,0.004011497832834721
Fuzzers,3,SHORTEST_FLOW_PKT x RETRANSMITTED_OUT_PKTS x NUM_PKTS_128_TO_256_BYTES,-0.003978452645242214,0.003978452645242214
Fuzzers,3,RETRANSMITTED_OUT_PKTS x NUM_PKTS_128_TO_256_BYTES x SRC_TO_DST_IAT_AVG,-0.0038893783930689096,0.0038893783930689096
Fuzzers,3,RETRANSMITTED_OUT_PKTS x NUM_PKTS_128_TO_256_BYTES x TCP_WIN_MAX_OUT,-0.003859685268253088,0.003859685268253088
Fuzzers,3,RETRANSMITTED_OUT_PKTS x NUM_PKTS_128_TO_256_BYTES x SRC_TO_DST_IAT_STDDEV,-0.003855712478980422,0.003855712478980422
Fuzzers,3,MIN_TTL x RETRANSMITTED_OUT_PKTS x NUM_PKTS_128_TO_256_BYTES,-0.0036530697252601385,0.0036530697252601385
Fuzzers,3,L7_PROTO x SRC_TO_DST_SECOND_BYTES x SRC_TO_DST_IAT_STDDEV,0.0036368579603731632,0.0036368579603731632
Fuzzers,3,PROTOCOL x RETRANSMITTED_OUT_PKTS x NUM_PKTS_128_TO_256_BYTES,-0.0034756215754896402,0.0034756215754896402
Fuzzers,3,RETRANSMITTED_OUT_PKTS x NUM_PKTS_128_TO_256_BYTES x TCP_WIN_MAX_IN,-0.003328635124489665,0.003328635124489665
Fuzzers,3,RETRANSMITTED_OUT_PKTS x NUM_PKTS_128_TO_256_BYTES x DST_TO_SRC_IAT_AVG,-0.0033187950029969215,0.0033187950029969215
Fuzzers,3,TCP_FLAGS x RETRANSMITTED_OUT_PKTS x NUM_PKTS_128_TO_256_BYTES,-0.003255940042436123,0.003255940042436123
Fuzzers,3,RETRANSMITTED_OUT_BYTES x RETRANSMITTED_OUT_PKTS x NUM_PKTS_128_TO_256_BYTES,0.0032552944030612707,0.0032552944030612707
Fuzzers,3,CLIENT_TCP_FLAGS x RETRANSMITTED_OUT_PKTS x NUM_PKTS_128_TO_256_BYTES,-0.0029850387945771217,0.0029850387945771217
Fuzzers,3,SERVER_TCP_FLAGS x RETRANSMITTED_OUT_PKTS x NUM_PKTS_128_TO_256_BYTES,-0.0028816733974963427,0.0028816733974963427
Fuzzers,3,L7_PROTO x NUM_PKTS_512_TO_1024_BYTES x NUM_PKTS_1024_TO_1514_BYTES,0.002828348893672228,0.002828348893672228
Fuzzers,3,DST_TO_SRC_SECOND_BYTES x RETRANSMITTED_OUT_PKTS x NUM_PKTS_128_TO_256_BYTES,-0.002821169560775161,0.002821169560775161
Generic,3,L7_PROTO x L7_PROTO x OUT_BYTES,0.0030034424271434546,0.0030034424271434546
Generic,3,L7_PROTO x L7_PROTO x SERVER_TCP_FLAGS,0.0026164506562054157,0.0026164506562054157
Generic,3,L7_PROTO x RETRANSMITTED_OUT_PKTS x NUM_PKTS_128_TO_256_BYTES,0.0023227683268487453,0.0023227683268487453
Generic,3,PROTOCOL x L7_PROTO x L7_PROTO,0.002091763773933053,0.002091763773933053
Generic,3,L7_PROTO x L7_PROTO x ICMP_TYPE,0.0019831883255392313,0.0019831883255392313
Generic,3,RETRANSMITTED_OUT_PKTS x RETRANSMITTED_OUT_PKTS x NUM_PKTS_128_TO_256_BYTES,-0.0018910346552729607,0.0018910346552729607
Generic,3,L7_PROTO x DST_TO_SRC_SECOND_BYTES x SRC_TO_DST_IAT_STDDEV,-0.0017841673688963056,0.0017841673688963056
Generic,3,DST_TO_SRC_SECOND_BYTES x RETRANSMITTED_OUT_PKTS x NUM_PKTS_128_TO_256_BYTES,-0.0017446689307689667,0.0017446689307689667
Generic,3,DST_TO_SRC_SECOND_BYTES x NUM_PKTS_512_TO_1024_BYTES x SRC_TO_DST_IAT_AVG,-0.0016868019010871649,0.0016868019010871649
Generic,3,DST_TO_SRC_SECOND_BYTES x SRC_TO_DST_IAT_STDDEV x DST_TO_SRC_IAT_STDDEV,0.0016121204243972898,0.0016121204243972898
Generic,3,DST_TO_SRC_SECOND_BYTES x SRC_TO_DST_IAT_MAX x DST_TO_SRC_IAT_STDDEV,0.0015651154099032283,0.0015651154099032283
Generic,3,L7_PROTO x CLIENT_TCP_FLAGS x DST_TO_SRC_IAT_AVG,-0.0015626164386048913,0.0015626164386048913
Generic,3,L7_PROTO x OUT_BYTES x DST_TO_SRC_IAT_AVG,-0.0015152782434597611,0.0015152782434597611
Generic,3,L7_PROTO x SRC_TO_DST_SECOND_BYTES x SRC_TO_DST_IAT_STDDEV,-0.0014540115371346474,0.0014540115371346474
Generic,3,L7_PROTO x RETRANSMITTED_OUT_BYTES x NUM_PKTS_512_TO_1024_BYTES,0.0014427605783566833,0.0014427605783566833
Generic,3,CLIENT_TCP_FLAGS x DURATION_OUT x DST_TO_SRC_IAT_AVG,0.0014310746919363737,0.0014310746919363737
Generic,3,PROTOCOL x L7_PROTO x DST_TO_SRC_IAT_AVG,-0.0013953337911516428,0.0013953337911516428
Generic,3,L7_PROTO x RETRANSMITTED_OUT_BYTES x NUM_PKTS_128_TO_256_BYTES,-0.0013413707492873073,0.0013413707492873073
Generic,3,L7_PROTO x L7_PROTO x NUM_PKTS_512_TO_1024_BYTES,-0.001336843823082745,0.001336843823082745
Generic,3,L7_PROTO x L7_PROTO x DST_TO_SRC_IAT_MAX,0.0012931026285514235,0.0012931026285514235
Reconnaissance,3,RETRANSMITTED_OUT_PKTS x RETRANSMITTED_OUT_PKTS x NUM_PKTS_128_TO_256_BYTES,0.003065315540879965,0.003065315540879965
Reconnaissance,3,L7_PROTO x NUM_PKTS_512_TO_1024_BYTES x NUM_PKTS_1024_TO_1514_BYTES,0.003034317633137107,0.003034317633137107
Reconnaissance,3,L7_PROTO x SERVER_TCP_FLAGS x NUM_PKTS_1024_TO_1514_BYTES,-0.0028283209539949894,0.0028283209539949894
Reconnaissance,3,NUM_PKTS_512_TO_1024_BYTES x NUM_PKTS_1024_TO_1514_BYTES x SRC_TO_DST_IAT_AVG,0.002112457063049078,0.002112457063049078
Reconnaissance,3,RETRANSMITTED_OUT_PKTS x NUM_PKTS_128_TO_256_BYTES x NUM_PKTS_1024_TO_1514_BYTES,-0.0020679663866758347,0.0020679663866758347
Reconnaissance,3,L7_PROTO x OUT_BYTES x NUM_PKTS_1024_TO_1514_BYTES,-0.002037801081314683,0.002037801081314683
Reconnaissance,3,L7_PROTO x L7_PROTO x NUM_PKTS_1024_TO_1514_BYTES,0.00192726100794971,0.00192726100794971
Reconnaissance,3,L7_PROTO x NUM_PKTS_1024_TO_1514_BYTES x SRC_TO_DST_IAT_STDDEV,-0.0018461609724909067,0.0018461609724909067
Reconnaissance,3,L7_PROTO x NUM_PKTS_1024_TO_1514_BYTES x SRC_TO_DST_IAT_MAX,-0.001755175762809813,0.001755175762809813
Reconnaissance,3,RETRANSMITTED_OUT_PKTS x NUM_PKTS_128_TO_256_BYTES x NUM_PKTS_512_TO_1024_BYTES,0.0016330474754795432,0.0016330474754795432
Reconnaissance,3,OUT_PKTS x RETRANSMITTED_OUT_PKTS x NUM_PKTS_128_TO_256_BYTES,0.0015070418594405055,0.0015070418594405055
Reconnaissance,3,L7_PROTO x NUM_PKTS_1024_TO_1514_BYTES x NUM_PKTS_1024_TO_1514_BYTES,0.0014977187383919954,0.0014977187383919954
Reconnaissance,3,L7_PROTO x RETRANSMITTED_IN_PKTS x NUM_PKTS_1024_TO_1514_BYTES,0.0014457523357123137,0.0014457523357123137
Reconnaissance,3,RETRANSMITTED_OUT_PKTS x NUM_PKTS_128_TO_256_BYTES x NUM_PKTS_128_TO_256_BYTES,0.0013655440416187048,0.0013655440416187048
Reconnaissance,3,PROTOCOL x L7_PROTO x NUM_PKTS_1024_TO_1514_BYTES,-0.0013290268834680319,0.0013290268834680319
Reconnaissance,3,RETRANSMITTED_OUT_BYTES x NUM_PKTS_1024_TO_1514_BYTES x SRC_TO_DST_IAT_AVG,-0.0012747009750455618,0.0012747009750455618
Reconnaissance,3,L7_PROTO x NUM_PKTS_128_TO_256_BYTES x NUM_PKTS_512_TO_1024_BYTES,-0.0012687562266364694,0.0012687562266364694
Reconnaissance,3,L7_PROTO x NUM_PKTS_1024_TO_1514_BYTES x SRC_TO_DST_IAT_AVG,-0.001257297582924366,0.001257297582924366
Reconnaissance,3,SERVER_TCP_FLAGS x NUM_PKTS_128_TO_256_BYTES x NUM_PKTS_1024_TO_1514_BYTES,0.0012300696689635515,0.0012300696689635515
Reconnaissance,3,RETRANSMITTED_OUT_BYTES x NUM_PKTS_512_TO_1024_BYTES x NUM_PKTS_1024_TO_1514_BYTES,-0.0012224203674122691,0.0012224203674122691
Shellcode,3,RETRANSMITTED_OUT_PKTS x RETRANSMITTED_OUT_PKTS x NUM_PKTS_128_TO_256_BYTES,0.01686754822731018,0.01686754822731018
Shellcode,3,RETRANSMITTED_OUT_PKTS x NUM_PKTS_128_TO_256_BYTES x NUM_PKTS_512_TO_1024_BYTES,0.00898618996143341,0.00898618996143341
Shellcode,3,RETRANSMITTED_OUT_PKTS x NUM_PKTS_128_TO_256_BYTES x NUM_PKTS_128_TO_256_BYTES,0.007514195051044226,0.007514195051044226
Shellcode,3,RETRANSMITTED_IN_PKTS x RETRANSMITTED_OUT_PKTS x NUM_PKTS_128_TO_256_BYTES,0.0065154084004461765,0.0065154084004461765
Shellcode,3,SRC_TO_DST_SECOND_BYTES x RETRANSMITTED_OUT_PKTS x NUM_PKTS_128_TO_256_BYTES,0.006382392719388008,0.006382392719388008
Shellcode,3,SHORTEST_FLOW_PKT x RETRANSMITTED_OUT_PKTS x NUM_PKTS_128_TO_256_BYTES,-0.0063298167660832405,0.0063298167660832405
Shellcode,3,RETRANSMITTED_OUT_PKTS x NUM_PKTS_128_TO_256_BYTES x SRC_TO_DST_IAT_AVG,-0.0061880978755652905,0.0061880978755652905
Shellcode,3,RETRANSMITTED_OUT_PKTS x NUM_PKTS_128_TO_256_BYTES x TCP_WIN_MAX_OUT,-0.006140855606645346,0.006140855606645346
Shellcode,3,RETRANSMITTED_OUT_PKTS x NUM_PKTS_128_TO_256_BYTES x SRC_TO_DST_IAT_STDDEV,-0.0061345347203314304,0.0061345347203314304
Shellcode,3,MIN_TTL x RETRANSMITTED_OUT_PKTS x NUM_PKTS_128_TO_256_BYTES,-0.005812124814838171,0.005812124814838171
Shellcode,3,PROTOCOL x RETRANSMITTED_OUT_PKTS x NUM_PKTS_128_TO_256_BYTES,-0.005529800429940224,0.005529800429940224
Shellcode,3,RETRANSMITTED_OUT_PKTS x NUM_PKTS_128_TO_256_BYTES x TCP_WIN_MAX_IN,-0.005295941140502691,0.005295941140502691
Shellcode,3,RETRANSMITTED_OUT_PKTS x NUM_PKTS_128_TO_256_BYTES x DST_TO_SRC_IAT_AVG,-0.005280285608023405,0.005280285608023405
Shellcode,3,TCP_FLAGS x RETRANSMITTED_OUT_PKTS x NUM_PKTS_128_TO_256_BYTES,-0.005180281586945057,0.005180281586945057
Shellcode,3,RETRANSMITTED_OUT_BYTES x RETRANSMITTED_OUT_PKTS x NUM_PKTS_128_TO_256_BYTES,0.005179254338145256,0.005179254338145256
Shellcode,3,CLIENT_TCP_FLAGS x RETRANSMITTED_OUT_PKTS x NUM_PKTS_128_TO_256_BYTES,-0.004749271087348461,0.004749271087348461
Shellcode,3,SERVER_TCP_FLAGS x RETRANSMITTED_OUT_PKTS x NUM_PKTS_128_TO_256_BYTES,-0.004584813956171274,0.004584813956171274
Shellcode,3,DST_TO_SRC_SECOND_BYTES x RETRANSMITTED_OUT_PKTS x NUM_PKTS_128_TO_256_BYTES,-0.004488551057875156,0.004488551057875156
Shellcode,3,RETRANSMITTED_OUT_PKTS x NUM_PKTS_128_TO_256_BYTES x ICMP_IPV4_TYPE,-0.004485465120524168,0.004485465120524168
Shellcode,3,FLOW_DURATION_MILLISECONDS x RETRANSMITTED_OUT_PKTS x NUM_PKTS_128_TO_256_BYTES,-0.004133846145123243,0.004133846145123243
Worms,3,RETRANSMITTED_OUT_PKTS x NUM_PKTS_128_TO_256_BYTES x NUM_PKTS_512_TO_1024_BYTES,-0.008986158296465874,0.008986158296465874
Worms,3,NUM_PKTS_512_TO_1024_BYTES x NUM_PKTS_512_TO_1024_BYTES x SRC_TO_DST_IAT_AVG,-0.006261538714170456,0.006261538714170456
Worms,3,L7_PROTO x NUM_PKTS_512_TO_1024_BYTES x SRC_TO_DST_IAT_STDDEV,-0.0056858607567846775,0.0056858607567846775
Worms,3,NUM_PKTS_128_TO_256_BYTES x NUM_PKTS_512_TO_1024_BYTES x NUM_PKTS_512_TO_1024_BYTES,-0.004787378013134003,0.004787378013134003
Worms,3,PROTOCOL x L7_PROTO x NUM_PKTS_512_TO_1024_BYTES,0.0042745997197926044,0.0042745997197926044
Worms,3,FLOW_DURATION_MILLISECONDS x NUM_PKTS_512_TO_1024_BYTES x ICMP_IPV4_TYPE,0.004129660315811634,0.004129660315811634
Worms,3,NUM_PKTS_128_TO_256_BYTES x NUM_PKTS_128_TO_256_BYTES x NUM_PKTS_512_TO_1024_BYTES,-0.004003175068646669,0.004003175068646669
Worms,3,RETRANSMITTED_OUT_BYTES x NUM_PKTS_512_TO_1024_BYTES x SRC_TO_DST_IAT_AVG,0.0037783437874168158,0.0037783437874168158
Worms,3,L7_PROTO x NUM_PKTS_128_TO_256_BYTES x NUM_PKTS_512_TO_1024_BYTES,0.0037428883370012045,0.0037428883370012045
Worms,3,L7_PROTO x NUM_PKTS_512_TO_1024_BYTES x SRC_TO_DST_IAT_AVG,0.0037267582956701517,0.0037267582956701517
Worms,3,L7_PROTO x OUT_BYTES x NUM_PKTS_512_TO_1024_BYTES,0.0036531412042677402,0.0036531412042677402
Worms,3,NUM_PKTS_256_TO_512_BYTES x NUM_PKTS_512_TO_1024_BYTES x SRC_TO_DST_IAT_AVG,-0.003605950390920043,0.003605950390920043
Worms,3,RETRANSMITTED_IN_PKTS x NUM_PKTS_128_TO_256_BYTES x NUM_PKTS_512_TO_1024_BYTES,-0.0034710729960352182,0.0034710729960352182
Worms,3,FLOW_DURATION_MILLISECONDS x RETRANSMITTED_OUT_PKTS x NUM_PKTS_512_TO_1024_BYTES,-0.003457073587924242,0.003457073587924242
Worms,3,MIN_TTL x NUM_PKTS_512_TO_1024_BYTES x SRC_TO_DST_IAT_AVG,-0.0034124727826565504,0.0034124727826565504
Worms,3,SRC_TO_DST_SECOND_BYTES x NUM_PKTS_128_TO_256_BYTES x NUM_PKTS_512_TO_1024_BYTES,-0.003400209126994014,0.003400209126994014
Worms,3,NUM_PKTS_512_TO_1024_BYTES x SRC_TO_DST_IAT_AVG x DST_TO_SRC_IAT_MAX,-0.0033969972282648087,0.0033969972282648087
Worms,3,SHORTEST_FLOW_PKT x NUM_PKTS_128_TO_256_BYTES x NUM_PKTS_512_TO_1024_BYTES,0.0033721993677318096,0.0033721993677318096
Worms,3,NUM_PKTS_128_TO_256_BYTES x NUM_PKTS_512_TO_1024_BYTES x SRC_TO_DST_IAT_AVG,0.003296698909252882,0.003296698909252882
Worms,3,NUM_PKTS_128_TO_256_BYTES x NUM_PKTS_512_TO_1024_BYTES x TCP_WIN_MAX_OUT,0.0032715306151658297,0.0032715306151658297
Analysis,4,L7_PROTO x L7_PROTO x OUT_BYTES x RETRANSMITTED_OUT_BYTES,-0.0017959075048565865,0.0017959075048565865
Analysis,4,L7_PROTO x L7_PROTO x SERVER_TCP_FLAGS x RETRANSMITTED_OUT_BYTES,-0.0015645059756934643,0.0015645059756934643
Analysis,4,DST_TO_SRC_SECOND_BYTES x RETRANSMITTED_OUT_PKTS x RETRANSMITTED_OUT_PKTS x NUM_PKTS_128_TO_256_BYTES,-0.0014557786053046584,0.0014557786053046584
Analysis,4,L7_PROTO x RETRANSMITTED_OUT_BYTES x RETRANSMITTED_OUT_PKTS x NUM_PKTS_128_TO_256_BYTES,-0.0013888985849916935,0.0013888985849916935
Analysis,4,L7_PROTO x DST_TO_SRC_SECOND_BYTES x NUM_PKTS_128_TO_256_BYTES x NUM_PKTS_512_TO_1024_BYTES,0.0013673941139131784,0.0013673941139131784
Analysis,4,RETRANSMITTED_OUT_PKTS x RETRANSMITTED_OUT_PKTS x NUM_PKTS_128_TO_256_BYTES x SRC_TO_DST_IAT_AVG,0.0013548153219744563,0.0013548153219744563
Analysis,4,PROTOCOL x L7_PROTO x L7_PROTO x RETRANSMITTED_OUT_BYTES,-0.0012507695937529206,0.0012507695937529206
Analysis,4,L7_PROTO x L7_PROTO x RETRANSMITTED_OUT_BYTES x ICMP_TYPE,-0.0011858467478305101,0.0011858467478305101
Analysis,4,L7_PROTO x L7_PROTO x OUT_BYTES x DST_TO_SRC_SECOND_BYTES,0.0009919852018356323,0.0009919852018356323
Analysis,4,DST_TO_SRC_SECOND_BYTES x NUM_PKTS_128_TO_256_BYTES x SRC_TO_DST_IAT_STDDEV x DST_TO_SRC_IAT_STDDEV,0.0008698294986970723,0.0008698294986970723
Analysis,4,L7_PROTO x L7_PROTO x DST_TO_SRC_SECOND_BYTES x NUM_PKTS_128_TO_256_BYTES,0.0008685067878104746,0.0008685067878104746
Analysis,4,L7_PROTO x L7_PROTO x SERVER_TCP_FLAGS x DST_TO_SRC_SECOND_BYTES,0.000864168512634933,0.000864168512634933
Analysis,4,L7_PROTO x RETRANSMITTED_OUT_BYTES x RETRANSMITTED_OUT_BYTES x NUM_PKTS_512_TO_1024_BYTES,-0.0008626983035355806,0.0008626983035355806
Analysis,4,DST_TO_SRC_SECOND_BYTES x NUM_PKTS_128_TO_256_BYTES x SRC_TO_DST_IAT_MAX x DST_TO_SRC_IAT_STDDEV,0.0008444676641374826,0.0008444676641374826
Analysis,4,L7_PROTO x DST_TO_SRC_SECOND_BYTES x NUM_PKTS_128_TO_256_BYTES x SRC_TO_DST_IAT_STDDEV,-0.0008319595945067704,0.0008319595945067704
Analysis,4,DST_TO_SRC_SECOND_BYTES x NUM_PKTS_128_TO_256_BYTES x TCP_WIN_MAX_IN x DST_TO_SRC_IAT_MAX,-0.0008045237045735121,0.0008045237045735121
Analysis,4,L7_PROTO x RETRANSMITTED_OUT_BYTES x RETRANSMITTED_OUT_BYTES x NUM_PKTS_128_TO_256_BYTES,0.0008020722889341414,0.0008020722889341414
Analysis,4,L7_PROTO x L7_PROTO x RETRANSMITTED_OUT_BYTES x NUM_PKTS_512_TO_1024_BYTES,0.0007993653416633606,0.0007993653416633606
Analysis,4,L7_PROTO x DST_TO_SRC_SECOND_BYTES x NUM_PKTS_128_TO_256_BYTES x SRC_TO_DST_IAT_MAX,-0.0007909577107056975,0.0007909577107056975
Analysis,4,DST_TO_SRC_SECOND_BYTES x RETRANSMITTED_OUT_PKTS x NUM_PKTS_128_TO_256_BYTES x NUM_PKTS_512_TO_1024_BYTES,-0.0007755663245916367,0.0007755663245916367
Backdoor,4,L7_PROTO x L7_PROTO x OUT_BYTES x RETRANSMITTED_OUT_BYTES,0.0014683733461424708,0.0014683733461424708
Backdoor,4,L7_PROTO x L7_PROTO x SERVER_TCP_FLAGS x RETRANSMITTED_OUT_BYTES,0.0012791743502020836,0.0012791743502020836
Backdoor,4,L7_PROTO x RETRANSMITTED_OUT_BYTES x RETRANSMITTED_OUT_PKTS x NUM_PKTS_128_TO_256_BYTES,0.0011355939786881208,0.0011355939786881208
Backdoor,4,RETRANSMITTED_OUT_PKTS x RETRANSMITTED_OUT_PKTS x NUM_PKTS_128_TO_256_BYTES x SRC_TO_DST_IAT_AVG,-0.0010669587645679712,0.0010669587645679712
Backdoor,4,PROTOCOL x L7_PROTO x L7_PROTO x RETRANSMITTED_OUT_BYTES,0.0010226565646007657,0.0010226565646007657
Backdoor,4,L7_PROTO x L7_PROTO x RETRANSMITTED_OUT_BYTES x ICMP_TYPE,0.0009695743210613728,0.0009695743210613728
Backdoor,4,DST_TO_SRC_SECOND_BYTES x RETRANSMITTED_OUT_PKTS x RETRANSMITTED_OUT_PKTS x NUM_PKTS_128_TO_256_BYTES,-0.0007705354946665466,0.0007705354946665466
Backdoor,4,L7_PROTO x DST_TO_SRC_SECOND_BYTES x NUM_PKTS_128_TO_256_BYTES x NUM_PKTS_512_TO_1024_BYTES,0.0007237540557980537,0.0007237540557980537
Backdoor,4,L7_PROTO x RETRANSMITTED_OUT_BYTES x RETRANSMITTED_OUT_BYTES x NUM_PKTS_512_TO_1024_BYTES,0.0007053610170260072,0.0007053610170260072
Backdoor,4,RETRANSMITTED_OUT_PKTS x RETRANSMITTED_OUT_PKTS x NUM_PKTS_128_TO_256_BYTES x NUM_PKTS_128_TO_256_BYTES,-0.000676613999530673,0.000676613999530673
Backdoor,4,L7_PROTO x RETRANSMITTED_OUT_BYTES x RETRANSMITTED_OUT_BYTES x NUM_PKTS_128_TO_256_BYTES,-0.0006557918386533856,0.0006557918386533856
Backdoor,4,L7_PROTO x L7_PROTO x RETRANSMITTED_OUT_BYTES x NUM_PKTS_512_TO_1024_BYTES,-0.0006535786669701338,0.0006535786669701338
Backdoor,4,L7_PROTO x L7_PROTO x RETRANSMITTED_OUT_BYTES x DST_TO_SRC_IAT_MAX,0.0006321936962194741,0.0006321936962194741
Backdoor,4,L7_PROTO x RETRANSMITTED_OUT_BYTES x RETRANSMITTED_OUT_PKTS x ICMP_TYPE,0.0006141611956991255,0.0006141611956991255
Backdoor,4,RETRANSMITTED_IN_PKTS x NUM_PKTS_128_TO_256_BYTES x NUM_PKTS_256_TO_512_BYTES x FTP_COMMAND_RET_CODE,-0.0006133550778031349,0.0006133550778031349
Backdoor,4,L7_PROTO x RETRANSMITTED_OUT_BYTES x NUM_PKTS_128_TO_256_BYTES x TCP_WIN_MAX_OUT,-0.0006089736707508564,0.0006089736707508564
Backdoor,4,L7_PROTO x RETRANSMITTED_OUT_BYTES x ICMP_IPV4_TYPE x DST_TO_SRC_IAT_MAX,0.0006055501289665699,0.0006055501289665699
Backdoor,4,L7_PROTO x RETRANSMITTED_OUT_BYTES x SRC_TO_DST_IAT_STDDEV x DST_TO_SRC_IAT_STDDEV,0.0006052888929843903,0.0006052888929843903
Backdoor,4,L7_PROTO x RETRANSMITTED_OUT_BYTES x NUM_PKTS_128_TO_256_BYTES x NUM_PKTS_512_TO_1024_BYTES,0.0006049879011698067,0.0006049879011698067
Backdoor,4,L7_PROTO x OUT_BYTES x RETRANSMITTED_OUT_BYTES x NUM_PKTS_256_TO_512_BYTES,0.0005990295321680605,0.0005990295321680605
Benign,4,L7_PROTO x L7_PROTO x OUT_BYTES x RETRANSMITTED_OUT_BYTES,0.0011590191861614585,0.0011590191861614585
Benign,4,RETRANSMITTED_OUT_PKTS x RETRANSMITTED_OUT_PKTS x NUM_PKTS_128_TO_256_BYTES x SRC_TO_DST_IAT_STDDEV,-0.0010414483258500695,0.0010414483258500695
Benign,4,L7_PROTO x L7_PROTO x SERVER_TCP_FLAGS x RETRANSMITTED_OUT_BYTES,0.0010096803307533264,0.0010096803307533264
Benign,4,RETRANSMITTED_OUT_PKTS x NUM_PKTS_128_TO_256_BYTES x NUM_PKTS_512_TO_1024_BYTES x DST_TO_SRC_IAT_STDDEV,0.000985959661193192,0.000985959661193192
Benign,4,RETRANSMITTED_OUT_PKTS x RETRANSMITTED_OUT_PKTS x SRC_TO_DST_AVG_THROUGHPUT x NUM_PKTS_128_TO_256_BYTES,-0.0009846310131251812,0.0009846310131251812
Benign,4,L7_PROTO x RETRANSMITTED_OUT_BYTES x RETRANSMITTED_OUT_PKTS x NUM_PKTS_128_TO_256_BYTES,0.0008963492000475526,0.0008963492000475526
Benign,4,L7_PROTO x NUM_PKTS_128_TO_256_BYTES x NUM_PKTS_512_TO_1024_BYTES x DST_TO_SRC_IAT_STDDEV,-0.0008538804249837995,0.0008538804249837995
Benign,4,PROTOCOL x L7_PROTO x L7_PROTO x RETRANSMITTED_OUT_BYTES,0.0008072052150964737,0.0008072052150964737
Benign,4,L7_PROTO x L7_PROTO x NUM_PKTS_512_TO_1024_BYTES x NUM_PKTS_1024_TO_1514_BYTES,-0.0007701529539190233,0.0007701529539190233
Benign,4,L7_PROTO x L7_PROTO x RETRANSMITTED_OUT_BYTES x ICMP_TYPE,0.0007653062930330634,0.0007653062930330634
Benign,4,RETRANSMITTED_OUT_PKTS x NUM_PKTS_128_TO_256_BYTES x NUM_PKTS_512_TO_1024_BYTES x TCP_WIN_MAX_OUT,-0.0007471922435797751,0.0007471922435797751
Benign,4,L7_PROTO x L7_PROTO x SERVER_TCP_FLAGS x NUM_PKTS_1024_TO_1514_BYTES,0.0007178680971264839,0.0007178680971264839
Benign,4,NUM_PKTS_512_TO_1024_BYTES x NUM_PKTS_512_TO_1024_BYTES x SRC_TO_DST_IAT_AVG x DST_TO_SRC_IAT_STDDEV,0.000687014777213335,0.000687014777213335
Benign,4,L7_PROTO x NUM_PKTS_512_TO_1024_BYTES x SRC_TO_DST_IAT_STDDEV x DST_TO_SRC_IAT_STDDEV,0.0006238516070879996,0.0006238516070879996
Benign,4,L7_PROTO x NUM_PKTS_128_TO_256_BYTES x NUM_PKTS_512_TO_1024_BYTES x DST_TO_SRC_IAT_AVG,0.0005789457354694605,0.0005789457354694605
Benign,4,RETRANSMITTED_IN_PKTS x NUM_PKTS_256_TO_512_BYTES x FTP_COMMAND_RET_CODE x DST_TO_SRC_IAT_AVG,-0.000565420079510659,0.000565420079510659
Benign,4,L7_PROTO x RETRANSMITTED_OUT_BYTES x RETRANSMITTED_OUT_BYTES x NUM_PKTS_512_TO_1024_BYTES,0.0005567569169215858,0.0005567569169215858
Benign,4,RETRANSMITTED_OUT_PKTS x NUM_PKTS_128_TO_256_BYTES x NUM_PKTS_512_TO_1024_BYTES x SRC_TO_DST_IAT_STDDEV,-0.0005548318149521947,0.0005548318149521947
Benign,4,NUM_PKTS_1024_TO_1514_BYTES x FTP_COMMAND_RET_CODE x SRC_TO_DST_IAT_AVG x DST_TO_SRC_IAT_AVG,-0.0005482184351421893,0.0005482184351421893
Benign,4,NUM_PKTS_128_TO_256_BYTES x SRC_TO_DST_IAT_STDDEV x DST_TO_SRC_IAT_STDDEV x DST_TO_SRC_IAT_STDDEV,-0.0005431721801869571,0.0005431721801869571
DoS,4,L7_PROTO x L7_PROTO x NUM_PKTS_512_TO_1024_BYTES x NUM_PKTS_1024_TO_1514_BYTES,-0.00044956550118513405,0.00044956550118513405
DoS,4,L7_PROTO x L7_PROTO x SERVER_TCP_FLAGS x NUM_PKTS_1024_TO_1514_BYTES,0.0004190449835732579,0.0004190449835732579
DoS,4,RETRANSMITTED_OUT_PKTS x NUM_PKTS_128_TO_256_BYTES x NUM_PKTS_512_TO_1024_BYTES x DST_TO_SRC_IAT_STDDEV,0.00041404340299777687,0.00041404340299777687
DoS,4,L7_PROTO x NUM_PKTS_128_TO_256_BYTES x NUM_PKTS_512_TO_1024_BYTES x DST_TO_SRC_IAT_STDDEV,-0.00035857813782058656,0.00035857813782058656
DoS,4,SHORTEST_FLOW_PKT x RETRANSMITTED_OUT_PKTS x RETRANSMITTED_OUT_PKTS x NUM_PKTS_128_TO_256_BYTES,-0.00033373135374858975,0.00033373135374858975
DoS,4,L7_PROTO x RETRANSMITTED_OUT_PKTS x RETRANSMITTED_OUT_PKTS x NUM_PKTS_128_TO_256_BYTES,0.00032825471134856343,0.00032825471134856343
DoS,4,L7_PROTO x SRC_TO_DST_SECOND_BYTES x NUM_PKTS_256_TO_512_BYTES x SRC_TO_DST_IAT_STDDEV,0.0003217519260942936,0.0003217519260942936
DoS,4,L7_PROTO x NUM_PKTS_512_TO_1024_BYTES x NUM_PKTS_1024_TO_1514_BYTES x SRC_TO_DST_IAT_AVG,-0.0003129823599010706,0.0003129823599010706
DoS,4,L7_PROTO x RETRANSMITTED_OUT_PKTS x NUM_PKTS_128_TO_256_BYTES x NUM_PKTS_1024_TO_1514_BYTES,0.00030639057513326406,0.00030639057513326406
DoS,4,L7_PROTO x L7_PROTO x OUT_BYTES x NUM_PKTS_1024_TO_1514_BYTES,0.0003019212745130062,0.0003019212745130062
DoS,4,L7_PROTO x NUM_PKTS_256_TO_512_BYTES x NUM_PKTS_512_TO_1024_BYTES x NUM_PKTS_1024_TO_1514_BYTES,0.00029178085969761014,0.00029178085969761014
DoS,4,NUM_PKTS_512_TO_1024_BYTES x NUM_PKTS_512_TO_1024_BYTES x SRC_TO_DST_IAT_AVG x DST_TO_SRC_IAT_STDDEV,0.0002885046706069261,0.0002885046706069261
DoS,4,L7_PROTO x L7_PROTO x L7_PROTO x NUM_PKTS_1024_TO_1514_BYTES,-0.000285543646896258,0.000285543646896258
DoS,4,L7_PROTO x L7_PROTO x NUM_PKTS_1024_TO_1514_BYTES x SRC_TO_DST_IAT_STDDEV,0.0002735278394538909,0.0002735278394538909
DoS,4,L7_PROTO x SERVER_TCP_FLAGS x NUM_PKTS_256_TO_512_BYTES x NUM_PKTS_1024_TO_1514_BYTES,-0.00027197215240448713,0.00027197215240448713
DoS,4,L7_PROTO x L7_PROTO x NUM_PKTS_128_TO_256_BYTES x NUM_PKTS_512_TO_1024_BYTES,-0.00026475603226572275,0.00026475603226572275
DoS,4,L7_PROTO x NUM_PKTS_512_TO_1024_BYTES x SRC_TO_DST_IAT_STDDEV x DST_TO_SRC_IAT_STDDEV,0.00026197993429377675,0.00026197993429377675
DoS,4,L7_PROTO x L7_PROTO x NUM_PKTS_1024_TO_1514_BYTES x SRC_TO_DST_IAT_MAX,0.0002600474108476192,0.0002600474108476192
DoS,4,L7_PROTO x NUM_PKTS_256_TO_512_BYTES x ICMP_IPV4_TYPE x DST_TO_SRC_IAT_MAX,0.00024093732645269483,0.00024093732645269483
DoS,4,L7_PROTO x DST_TO_SRC_SECOND_BYTES x NUM_PKTS_128_TO_256_BYTES x NUM_PKTS_512_TO_1024_BYTES,0.00023597940162289888,0.00023597940162289888
Exploits,4,L7_PROTO x L7_PROTO x OUT_BYTES x RETRANSMITTED_OUT_BYTES,0.0008598372805863619,0.0008598372805863619
Exploits,4,L7_PROTO x L7_PROTO x SERVER_TCP_FLAGS x RETRANSMITTED_OUT_BYTES,0.0007490477873943746,0.0007490477873943746
Exploits,4,L7_PROTO x RETRANSMITTED_OUT_BYTES x RETRANSMITTED_OUT_PKTS x NUM_PKTS_128_TO_256_BYTES,0.0006649711867794394,0.0006649711867794394
Exploits,4,PROTOCOL x L7_PROTO x L7_PROTO x RETRANSMITTED_OUT_BYTES,0.0005988383200019598,0.0005988383200019598
Exploits,4,L7_PROTO x L7_PROTO x RETRANSMITTED_OUT_BYTES x ICMP_TYPE,0.0005677548469975591,0.0005677548469975591
Exploits,4,RETRANSMITTED_OUT_PKTS x NUM_PKTS_128_TO_256_BYTES x NUM_PKTS_512_TO_1024_BYTES x FTP_COMMAND_RET_CODE,-0.0005413663457147777,0.0005413663457147777
Exploits,4,RETRANSMITTED_OUT_PKTS x RETRANSMITTED_OUT_PKTS x NUM_PKTS_128_TO_256_BYTES x SRC_TO_DST_IAT_STDDEV,0.0005056830705143511,0.0005056830705143511
Exploits,4,SHORTEST_FLOW_PKT x RETRANSMITTED_OUT_PKTS x RETRANSMITTED_OUT_PKTS x NUM_PKTS_128_TO_256_BYTES,-0.0005008168518543243,0.0005008168518543243
Exploits,4,L7_PROTO x RETRANSMITTED_OUT_BYTES x RETRANSMITTED_OUT_BYTES x NUM_PKTS_512_TO_1024_BYTES,0.0004130391462240368,0.0004130391462240368
Exploits,4,L7_PROTO x RETRANSMITTED_OUT_BYTES x RETRANSMITTED_OUT_BYTES x NUM_PKTS_128_TO_256_BYTES,-0.0003840128774754703,0.0003840128774754703
Exploits,4,L7_PROTO x L7_PROTO x RETRANSMITTED_OUT_BYTES x NUM_PKTS_512_TO_1024_BYTES,-0.00038271688390523195,0.00038271688390523195
Exploits,4,RETRANSMITTED_OUT_PKTS x RETRANSMITTED_OUT_PKTS x NUM_PKTS_128_TO_256_BYTES x SRC_TO_DST_IAT_AVG,-0.00038115688948892057,0.00038115688948892057
Exploits,4,NUM_PKTS_512_TO_1024_BYTES x NUM_PKTS_512_TO_1024_BYTES x FTP_COMMAND_RET_CODE x SRC_TO_DST_IAT_AVG,-0.0003772230411414057,0.0003772230411414057
Exploits,4,L7_PROTO x L7_PROTO x RETRANSMITTED_OUT_BYTES x DST_TO_SRC_IAT_MAX,0.0003701944660861045,0.0003701944660861045
Exploits,4,L7_PROTO x RETRANSMITTED_OUT_BYTES x RETRANSMITTED_OUT_PKTS x ICMP_TYPE,0.0003596351307351142,0.0003596351307351142
Exploits,4,L7_PROTO x RETRANSMITTED_OUT_BYTES x NUM_PKTS_128_TO_256_BYTES x TCP_WIN_MAX_OUT,-0.000356597505742684,0.000356597505742684
Exploits,4,L7_PROTO x RETRANSMITTED_OUT_BYTES x ICMP_IPV4_TYPE x DST_TO_SRC_IAT_MAX,0.0003545927756931633,0.0003545927756931633
Exploits,4,L7_PROTO x RETRANSMITTED_OUT_BYTES x SRC_TO_DST_IAT_STDDEV x DST_TO_SRC_IAT_STDDEV,0.0003544397768564522,0.0003544397768564522
Exploits,4,L7_PROTO x RETRANSMITTED_OUT_BYTES x NUM_PKTS_128_TO_256_BYTES x NUM_PKTS_512_TO_1024_BYTES,0.00035426352405920625,0.00035426352405920625
Exploits,4,L7_PROTO x OUT_BYTES x RETRANSMITTED_OUT_BYTES x NUM_PKTS_256_TO_512_BYTES,0.0003507744986563921,0.0003507744986563921
Fuzzers,4,L7_PROTO x L7_PROTO x OUT_BYTES x RETRANSMITTED_OUT_BYTES,-0.0018377294763922691,0.0018377294763922691
Fuzzers,4,L7_PROTO x L7_PROTO x SERVER_TCP_FLAGS x RETRANSMITTED_OUT_BYTES,-0.0016009393148124218,0.0016009393148124218
Fuzzers,4,RETRANSMITTED_OUT_PKTS x RETRANSMITTED_OUT_PKTS x NUM_PKTS_128_TO_256_BYTES x NUM_PKTS_128_TO_256_BYTES,0.001421628170646727,0.001421628170646727
Fuzzers,4,L7_PROTO x RETRANSMITTED_OUT_BYTES x RETRANSMITTED_OUT_PKTS x NUM_PKTS_128_TO_256_BYTES,-0.0014212423702701926,0.0014212423702701926
Fuzzers,4,RETRANSMITTED_IN_PKTS x NUM_PKTS_128_TO_256_BYTES x NUM_PKTS_256_TO_512_BYTES x FTP_COMMAND_RET_CODE,0.0012887154007330537,0.0012887154007330537
Fuzzers,4,PROTOCOL x L7_PROTO x L7_PROTO x RETRANSMITTED_OUT_BYTES,-0.0012798967072740197,0.0012798967072740197
Fuzzers,4,L7_PROTO x L7_PROTO x OUT_BYTES x SRC_TO_DST_SECOND_BYTES,0.001270187902264297,0.001270187902264297
Fuzzers,4,NUM_PKTS_128_TO_256_BYTES x NUM_PKTS_1024_TO_1514_BYTES x FTP_COMMAND_RET_CODE x SRC_TO_DST_IAT_AVG,0.0012495091650635004,0.0012495091650635004
Fuzzers,4,L7_PROTO x L7_PROTO x RETRANSMITTED_OUT_BYTES x ICMP_TYPE,-0.0012134619755670428,0.0012134619755670428
Fuzzers,4,L7_PROTO x L7_PROTO x SERVER_TCP_FLAGS x SRC_TO_DST_SECOND_BYTES,0.0011065250728279352,0.0011065250728279352
Fuzzers,4,L7_PROTO x L7_PROTO x NUM_PKTS_512_TO_1024_BYTES x NUM_PKTS_1024_TO_1514_BYTES,-0.0010187735315412283,0.0010187735315412283
Fuzzers,4,NUM_PKTS_128_TO_256_BYTES x NUM_PKTS_512_TO_1024_BYTES x NUM_PKTS_1024_TO_1514_BYTES x FTP_COMMAND_RET_CODE,-0.0010073460871353745,0.0010073460871353745
Fuzzers,4,L7_PROTO x SRC_TO_DST_SECOND_BYTES x RETRANSMITTED_OUT_PKTS x NUM_PKTS_128_TO_256_BYTES,0.0009823235450312495,0.0009823235450312495
Fuzzers,4,RETRANSMITTED_OUT_PKTS x NUM_PKTS_128_TO_256_BYTES x NUM_PKTS_1024_TO_1514_BYTES x FTP_COMMAND_RET_CODE,-0.0009590359404683113,0.0009590359404683113
Fuzzers,4,L7_PROTO x L7_PROTO x SERVER_TCP_FLAGS x NUM_PKTS_1024_TO_1514_BYTES,0.0009496101993136108,0.0009496101993136108
Fuzzers,4,MIN_TTL x MIN_TTL x NUM_PKTS_128_TO_256_BYTES x FTP_COMMAND_RET_CODE,0.0009358958341181278,0.0009358958341181278
Fuzzers,4,PROTOCOL x L7_PROTO x L7_PROTO x SRC_TO_DST_SECOND_BYTES,0.0008846292621456087,0.0008846292621456087
Fuzzers,4,L7_PROTO x RETRANSMITTED_OUT_BYTES x RETRANSMITTED_OUT_BYTES x NUM_PKTS_512_TO_1024_BYTES,-0.0008827882702462375,0.0008827882702462375
Fuzzers,4,NUM_PKTS_128_TO_256_BYTES x NUM_PKTS_256_TO_512_BYTES x ICMP_TYPE x FTP_COMMAND_RET_CODE,-0.0008650075178593397,0.0008650075178593397
Fuzzers,4,L7_PROTO x MAX_TTL x NUM_PKTS_128_TO_256_BYTES x FTP_COMMAND_RET_CODE,-0.0008618966676294804,0.0008618966676294804
Generic,4,RETRANSMITTED_OUT_PKTS x RETRANSMITTED_OUT_PKTS x NUM_PKTS_128_TO_256_BYTES x NUM_PKTS_128_TO_256_BYTES,-0.0010452429996803403,0.0010452429996803403
Generic,4,RETRANSMITTED_IN_PKTS x NUM_PKTS_128_TO_256_BYTES x NUM_PKTS_256_TO_512_BYTES x FTP_COMMAND_RET_CODE,-0.0009475197293795645,0.0009475197293795645
Generic,4,NUM_PKTS_128_TO_256_BYTES x NUM_PKTS_1024_TO_1514_BYTES x FTP_COMMAND_RET_CODE x SRC_TO_DST_IAT_AVG,-0.0009186934912577271,0.0009186934912577271
Generic,4,RETRANSMITTED_OUT_PKTS x RETRANSMITTED_OUT_PKTS x NUM_PKTS_128_TO_256_BYTES x SRC_TO_DST_IAT_STDDEV,-0.0007943311356939375,0.0007943311356939375
Generic,4,NUM_PKTS_128_TO_256_BYTES x NUM_PKTS_512_TO_1024_BYTES x NUM_PKTS_1024_TO_1514_BYTES x FTP_COMMAND_RET_CODE,0.0007406446966342628,0.0007406446966342628
Generic,4,RETRANSMITTED_OUT_PKTS x NUM_PKTS_128_TO_256_BYTES x NUM_PKTS_1024_TO_1514_BYTES x FTP_COMMAND_RET_CODE,0.0007051249849610031,0.0007051249849610031
Generic,4,DST_TO_SRC_SECOND_BYTES x RETRANSMITTED_OUT_PKTS x RETRANSMITTED_OUT_PKTS x NUM_PKTS_128_TO_256_BYTES,0.000704243138898164,0.000704243138898164
Generic,4,MIN_TTL x MIN_TTL x NUM_PKTS_128_TO_256_BYTES x FTP_COMMAND_RET_CODE,-0.0006881114095449448,0.0006881114095449448
Generic,4,L7_PROTO x DST_TO_SRC_SECOND_BYTES x NUM_PKTS_128_TO_256_BYTES x NUM_PKTS_512_TO_1024_BYTES,-0.0006614864687435329,0.0006614864687435329
Generic,4,L7_PROTO x L7_PROTO x OUT_BYTES x SRC_TO_DST_SECOND_BYTES,0.0006388475303538144,0.0006388475303538144
Generic,4,NUM_PKTS_128_TO_256_BYTES x NUM_PKTS_256_TO_512_BYTES x ICMP_TYPE x FTP_COMMAND_RET_CODE,0.0006359912222251296,0.0006359912222251296
Generic,4,L7_PROTO x MAX_TTL x NUM_PKTS_128_TO_256_BYTES x FTP_COMMAND_RET_CODE,0.0006337039521895349,0.0006337039521895349
Generic,4,L7_PROTO x DST_TO_SRC_SECOND_BYTES x NUM_PKTS_128_TO_256_BYTES x SRC_TO_DST_IAT_STDDEV,0.0006236265762709081,0.0006236265762709081
Generic,4,MAX_TTL x NUM_PKTS_128_TO_256_BYTES x NUM_PKTS_256_TO_512_BYTES x FTP_COMMAND_RET_CODE,0.0006235651671886444,0.0006235651671886444
Generic,4,MIN_IP_PKT_LEN x NUM_PKTS_128_TO_256_BYTES x NUM_PKTS_256_TO_512_BYTES x FTP_COMMAND_RET_CODE,0.0006166229723021388,0.0006166229723021388
Generic,4,NUM_PKTS_128_TO_256_BYTES x FTP_COMMAND_RET_CODE x SRC_TO_DST_IAT_STDDEV x DST_TO_SRC_IAT_STDDEV,0.0006105729262344539,0.0006105729262344539
Generic,4,DST_TO_SRC_SECOND_BYTES x RETRANSMITTED_OUT_PKTS x NUM_PKTS_128_TO_256_BYTES x NUM_PKTS_128_TO_256_BYTES,0.0006098204758018255,0.0006098204758018255
Generic,4,NUM_PKTS_128_TO_256_BYTES x FTP_COMMAND_RET_CODE x SRC_TO_DST_IAT_MAX x DST_TO_SRC_IAT_STDDEV,0.0005927702877670527,0.0005927702877670527
Generic,4,DST_TO_SRC_SECOND_BYTES x NUM_PKTS_128_TO_256_BYTES x NUM_PKTS_512_TO_1024_BYTES x SRC_TO_DST_IAT_AVG,0.0005895940703339875,0.0005895940703339875
Generic,4,DST_TO_SRC_SECOND_BYTES x NUM_PKTS_128_TO_256_BYTES x NUM_PKTS_256_TO_512_BYTES x FTP_COMMAND_RET_CODE,-0.0005821079248562455,0.0005821079248562455
Reconnaissance,4,RETRANSMITTED_OUT_PKTS x RETRANSMITTED_OUT_PKTS x NUM_PKTS_128_TO_256_BYTES x SRC_TO_DST_IAT_AVG,0.0011092288186773658,0.0011092288186773658
Reconnaissance,4,RETRANSMITTED_OUT_PKTS x RETRANSMITTED_OUT_PKTS x NUM_PKTS_128_TO_256_BYTES x NUM_PKTS_128_TO_256_BYTES,0.0008266355143859982,0.0008266355143859982
Reconnaissance,4,L7_PROTO x L7_PROTO x OUT_BYTES x SRC_TO_DST_SECOND_BYTES,-0.0008093856158666313,0.0008093856158666313
Reconnaissance,4,RETRANSMITTED_IN_PKTS x NUM_PKTS_256_TO_512_BYTES x NUM_PKTS_512_TO_1024_BYTES x FTP_COMMAND_RET_CODE,0.0007573204929940403,0.0007573204929940403
Reconnaissance,4,RETRANSMITTED_IN_PKTS x NUM_PKTS_128_TO_256_BYTES x NUM_PKTS_256_TO_512_BYTES x FTP_COMMAND_RET_CODE,0.0007493505836464465,0.0007493505836464465
Reconnaissance,4,RETRANSMITTED_OUT_PKTS x RETRANSMITTED_OUT_PKTS x NUM_PKTS_128_TO_256_BYTES x SRC_TO_DST_IAT_STDDEV,0.0007361787720583379,0.0007361787720583379
Reconnaissance,4,NUM_PKTS_512_TO_1024_BYTES x NUM_PKTS_1024_TO_1514_BYTES x FTP_COMMAND_RET_CODE x SRC_TO_DST_IAT_AVG,0.0007342807366512716,0.0007342807366512716
Reconnaissance,4,NUM_PKTS_128_TO_256_BYTES x NUM_PKTS_1024_TO_1514_BYTES x FTP_COMMAND_RET_CODE x SRC_TO_DST_IAT_AVG,0.0007265532040037215,0.0007265532040037215
Reconnaissance,4,L7_PROTO x L7_PROTO x SERVER_TCP_FLAGS x SRC_TO_DST_SECOND_BYTES,-0.000705096812453121,0.000705096812453121
Reconnaissance,4,L7_PROTO x CLIENT_TCP_FLAGS x NUM_PKTS_512_TO_1024_BYTES x DST_TO_SRC_IAT_AVG,0.00063407386187464,0.00063407386187464
Reconnaissance,4,L7_PROTO x OUT_BYTES x NUM_PKTS_512_TO_1024_BYTES x DST_TO_SRC_IAT_AVG,0.0006148652173578739,0.0006148652173578739
Reconnaissance,4,NUM_PKTS_512_TO_1024_BYTES x NUM_PKTS_512_TO_1024_BYTES x NUM_PKTS_1024_TO_1514_BYTES x FTP_COMMAND_RET_CODE,-0.0005919723189435899,0.0005919723189435899
Reconnaissance,4,RETRANSMITTED_OUT_PKTS x NUM_PKTS_128_TO_256_BYTES x NUM_PKTS_512_TO_1024_BYTES x SRC_TO_DST_IAT_AVG,0.0005909418687224388,0.0005909418687224388
Reconnaissance,4,NUM_PKTS_128_TO_256_BYTES x NUM_PKTS_512_TO_1024_BYTES x NUM_PKTS_1024_TO_1514_BYTES x FTP_COMMAND_RET_CODE,-0.0005857424694113433,0.0005857424694113433
Reconnaissance,4,CLIENT_TCP_FLAGS x DURATION_OUT x NUM_PKTS_512_TO_1024_BYTES x DST_TO_SRC_IAT_AVG,-0.0005806972621940076,0.0005806972621940076
Reconnaissance,4,L7_PROTO x L7_PROTO x NUM_PKTS_512_TO_1024_BYTES x NUM_PKTS_1024_TO_1514_BYTES,0.000567393028177321,0.000567393028177321
Reconnaissance,4,PROTOCOL x L7_PROTO x NUM_PKTS_512_TO_1024_BYTES x DST_TO_SRC_IAT_AVG,0.0005661944742314517,0.0005661944742314517
Reconnaissance,4,L7_PROTO x L7_PROTO x OUT_BYTES x NUM_PKTS_512_TO_1024_BYTES,0.0005660280003212392,0.0005660280003212392
Reconnaissance,4,PROTOCOL x L7_PROTO x L7_PROTO x SRC_TO_DST_SECOND_BYTES,-0.0005637009744532406,0.0005637009744532406
Reconnaissance,4,RETRANSMITTED_OUT_PKTS x NUM_PKTS_512_TO_1024_BYTES x NUM_PKTS_1024_TO_1514_BYTES x FTP_COMMAND_RET_CODE,-0.0005635826382786036,0.0005635826382786036
Shellcode,4,L7_PROTO x L7_PROTO x OUT_BYTES x SRC_TO_DST_SECOND_BYTES,0.002899870276451111,0.002899870276451111
Shellcode,4,L7_PROTO x L7_PROTO x SERVER_TCP_FLAGS x SRC_TO_DST_SECOND_BYTES,0.002526223659515381,0.002526223659515381
Shellcode,4,L7_PROTO x SRC_TO_DST_SECOND_BYTES x RETRANSMITTED_OUT_PKTS x NUM_PKTS_128_TO_256_BYTES,0.002242668764665723,0.002242668764665723
Shellcode,4,PROTOCOL x L7_PROTO x L7_PROTO x SRC_TO_DST_SECOND_BYTES,0.002019630279392004,0.002019630279392004
Shellcode,4,L7_PROTO x L7_PROTO x SRC_TO_DST_SECOND_BYTES x ICMP_TYPE,0.0019147987477481365,0.0019147987477481365
Shellcode,4,L7_PROTO x SRC_TO_DST_SECOND_BYTES x RETRANSMITTED_OUT_BYTES x NUM_PKTS_512_TO_1024_BYTES,0.0013930076966062188,0.0013930076966062188
Shellcode,4,L7_PROTO x SRC_TO_DST_SECOND_BYTES x RETRANSMITTED_OUT_BYTES x NUM_PKTS_128_TO_256_BYTES,-0.001295114285312593,0.001295114285312593
Shellcode,4,L7_PROTO x L7_PROTO x SRC_TO_DST_SECOND_BYTES x NUM_PKTS_512_TO_1024_BYTES,-0.0012907433556392789,0.0012907433556392789
Shellcode,4,L7_PROTO x L7_PROTO x NUM_PKTS_512_TO_1024_BYTES x NUM_PKTS_1024_TO_1514_BYTES,0.001261775498278439,0.001261775498278439
Shellcode,4,L7_PROTO x L7_PROTO x SRC_TO_DST_SECOND_BYTES x DST_TO_SRC_IAT_MAX,0.001248510554432869,0.001248510554432869
Shellcode,4,L7_PROTO x SRC_TO_DST_SECOND_BYTES x RETRANSMITTED_OUT_PKTS x ICMP_TYPE,0.0012128982925787568,0.0012128982925787568
Shellcode,4,L7_PROTO x SRC_TO_DST_SECOND_BYTES x NUM_PKTS_128_TO_256_BYTES x TCP_WIN_MAX_OUT,-0.0012026537442579865,0.0012026537442579865
Shellcode,4,L7_PROTO x SRC_TO_DST_SECOND_BYTES x ICMP_IPV4_TYPE x DST_TO_SRC_IAT_MAX,0.0011958925751969218,0.0011958925751969218
Shellcode,4,L7_PROTO x SRC_TO_DST_SECOND_BYTES x SRC_TO_DST_IAT_STDDEV x DST_TO_SRC_IAT_STDDEV,0.001195376506075263,0.001195376506075263
Shellcode,4,L7_PROTO x SRC_TO_DST_SECOND_BYTES x NUM_PKTS_128_TO_256_BYTES x NUM_PKTS_512_TO_1024_BYTES,0.0011947822058573365,0.0011947822058573365
Shellcode,4,L7_PROTO x OUT_BYTES x SRC_TO_DST_SECOND_BYTES x NUM_PKTS_256_TO_512_BYTES,0.0011830150615423918,0.0011830150615423918
Shellcode,4,L7_PROTO x L7_PROTO x SERVER_TCP_FLAGS x NUM_PKTS_1024_TO_1514_BYTES,-0.0011761148925870657,0.0011761148925870657
Shellcode,4,L7_PROTO x SRC_TO_DST_SECOND_BYTES x NUM_PKTS_1024_TO_1514_BYTES x SRC_TO_DST_IAT_AVG,0.0011755420127883554,0.0011755420127883554
Shellcode,4,L7_PROTO x SRC_TO_DST_SECOND_BYTES x SRC_TO_DST_IAT_MAX x DST_TO_SRC_IAT_STDDEV,0.0011605226900428534,0.0011605226900428534
Shellcode,4,L7_PROTO x SERVER_TCP_FLAGS x SRC_TO_DST_SECOND_BYTES x NUM_PKTS_128_TO_256_BYTES,-0.0010986840352416039,0.0010986840352416039
Worms,4,L7_PROTO x L7_PROTO x NUM_PKTS_512_TO_1024_BYTES x NUM_PKTS_1024_TO_1514_BYTES,0.001498123281635344,0.001498123281635344
Worms,4,L7_PROTO x L7_PROTO x SERVER_TCP_FLAGS x NUM_PKTS_1024_TO_1514_BYTES,-0.001396417268551886,0.001396417268551886
Worms,4,RETRANSMITTED_IN_PKTS x NUM_PKTS_256_TO_512_BYTES x NUM_PKTS_512_TO_1024_BYTES x FTP_COMMAND_RET_CODE,-0.0011869579320773482,0.0011869579320773482
Worms,4,NUM_PKTS_512_TO_1024_BYTES x NUM_PKTS_1024_TO_1514_BYTES x FTP_COMMAND_RET_CODE x SRC_TO_DST_IAT_AVG,-0.001150847296230495,0.001150847296230495
Worms,4,RETRANSMITTED_IN_PKTS x RETRANSMITTED_OUT_PKTS x RETRANSMITTED_OUT_PKTS x NUM_PKTS_128_TO_256_BYTES,0.001141007523983717,0.001141007523983717
Worms,4,L7_PROTO x RETRANSMITTED_OUT_PKTS x RETRANSMITTED_OUT_PKTS x NUM_PKTS_128_TO_256_BYTES,-0.0010938695631921291,0.0010938695631921291
Worms,4,L7_PROTO x NUM_PKTS_512_TO_1024_BYTES x NUM_PKTS_1024_TO_1514_BYTES x SRC_TO_DST_IAT_AVG,0.001042976276949048,0.001042976276949048
Worms,4,L7_PROTO x RETRANSMITTED_OUT_PKTS x NUM_PKTS_128_TO_256_BYTES x NUM_PKTS_1024_TO_1514_BYTES,-0.0010210099862888455,0.0010210099862888455
Worms,4,L7_PROTO x L7_PROTO x OUT_BYTES x NUM_PKTS_1024_TO_1514_BYTES,-0.0010061165085062385,0.0010061165085062385
Worms,4,L7_PROTO x CLIENT_TCP_FLAGS x NUM_PKTS_512_TO_1024_BYTES x DST_TO_SRC_IAT_AVG,-0.0009937919676303864,0.0009937919676303864
Worms,4,L7_PROTO x OUT_BYTES x NUM_PKTS_512_TO_1024_BYTES x DST_TO_SRC_IAT_AVG,-0.0009636859176680446,0.0009636859176680446
Worms,4,L7_PROTO x L7_PROTO x L7_PROTO x NUM_PKTS_1024_TO_1514_BYTES,0.0009515400161035359,0.0009515400161035359
Worms,4,NUM_PKTS_512_TO_1024_BYTES x NUM_PKTS_512_TO_1024_BYTES x NUM_PKTS_1024_TO_1514_BYTES x FTP_COMMAND_RET_CODE,0.0009278056095354259,0.0009278056095354259
Worms,4,L7_PROTO x L7_PROTO x NUM_PKTS_1024_TO_1514_BYTES x SRC_TO_DST_IAT_STDDEV,-0.0009114987915381789,0.0009114987915381789
Worms,4,CLIENT_TCP_FLAGS x DURATION_OUT x NUM_PKTS_512_TO_1024_BYTES x DST_TO_SRC_IAT_AVG,0.0009101340547204018,0.0009101340547204018
Worms,4,PROTOCOL x L7_PROTO x NUM_PKTS_512_TO_1024_BYTES x DST_TO_SRC_IAT_AVG,-0.0008874036138877273,0.0008874036138877273
Worms,4,L7_PROTO x L7_PROTO x OUT_BYTES x NUM_PKTS_512_TO_1024_BYTES,-0.000887142785359174,0.000887142785359174
Worms,4,RETRANSMITTED_OUT_PKTS x NUM_PKTS_512_TO_1024_BYTES x NUM_PKTS_1024_TO_1514_BYTES x FTP_COMMAND_RET_CODE,0.0008833100437186658,0.0008833100437186658
Worms,4,L7_PROTO x L7_PROTO x NUM_PKTS_128_TO_256_BYTES x NUM_PKTS_512_TO_1024_BYTES,0.0008822678355500102,0.0008822678355500102
Worms,4,L7_PROTO x L7_PROTO x NUM_PKTS_1024_TO_1514_BYTES x SRC_TO_DST_IAT_MAX,-0.0008665769128128886,0.0008665769128128886
