dataset,tag,scaler,variant,seed,n_features,n_continuous,occupancy_median,base_macro_ap,n_eval,rho_deg1_contrib,p_deg1_contrib,rho_grad_x_input,p_grad_x_input,rho_perm_drop,p_perm_drop,rho_w_norm,p_w_norm
ciciot2023,full_scalerminmax,minmax,m4,1,43,25,2.5121628368651727e-05,0.6483595651100281,100024,0.2905,0.1589,0.275,0.1835,0.2998,0.1453,0.0222,0.9162
ciciot2023,full_scalerminmax,minmax,m4,2,43,25,2.5121628368651727e-05,0.6506669693561808,100024,0.254,0.2206,0.1719,0.4113,0.2108,0.3118,0.1295,0.5372
ciciot2023,full_scalerminmax,minmax,m4,3,43,25,2.5121628368651727e-05,0.6591197278640869,100024,0.289,0.1612,0.2353,0.2576,0.2796,0.1758,0.3901,0.0539
ciciot2023,full_scalernone,none,m4,1,43,25,2.512162850948438e-05,0.478907639751003,100024,0.1863,0.3726,0.3535,0.083,0.3073,0.1351,0.1256,0.5496
ciciot2023,full_scalernone,none,m4,2,43,25,2.512162850948438e-05,0.4507561421851359,100024,0.1878,0.3686,0.1859,0.3736,0.1925,0.3566,0.1248,0.5521
ciciot2023,full_scalernone,none,m4,3,43,25,2.512162850948438e-05,0.4407036567259605,100024,0.1871,0.3706,0.1427,0.4961,0.1133,0.5899,0.1637,0.4342
ciciot2023,full_scalersignedlog,signedlog,m4,1,43,25,0.0142988804646051,0.6721826832317009,100024,0.0665,0.7521,0.1139,0.5876,0.3022,0.1421,-0.4818,0.0147
ciciot2023,full_scalersignedlog,signedlog,m4,2,43,25,0.0142988804646051,0.6662512872510458,100024,0.0471,0.8233,0.1054,0.6161,0.4052,0.0445,-0.3286,0.1087
ciciot2023,full_scalersignedlog,signedlog,m4,3,43,25,0.0142988804646051,0.6669777771888823,100024,0.1552,0.4589,0.1046,0.6187,0.4181,0.0376,0.0183,0.9309
ciciot2023,full_scalersignedlog_minmax,signedlog_minmax,m4,1,43,25,0.0142988562583923,0.6835500048998449,100024,0.2765,0.1809,0.0471,0.8233,0.247,0.234,-0.1326,0.5274
ciciot2023,full_scalersignedlog_minmax,signedlog_minmax,m4,2,43,25,0.0142988562583923,0.6738969193860926,100024,0.2155,0.301,-0.0377,0.8579,0.2913,0.1577,-0.1171,0.5774
ciciot2023,full_scalersignedlog_minmax,signedlog_minmax,m4,3,43,25,0.0142988562583923,0.6780293331228624,100024,0.1622,0.4386,0.1069,0.6109,0.1688,0.4199,-0.119,0.571
ciciot2023,full_scalerstandard,standard,m4,1,43,25,2.51219015196687e-05,0.6051624790419665,100024,0.4017,0.0465,0.4235,0.0349,0.0175,0.9338,0.1451,0.489
ciciot2023,full_scalerstandard,standard,m4,2,43,25,2.51219015196687e-05,0.6132894723658769,100024,0.4558,0.022,0.3838,0.0582,0.105,0.6174,0.0358,0.8652
ciciot2023,full_scalerstandard,standard,m4,3,43,25,2.51219015196687e-05,0.6040333263882369,100024,0.3667,0.0714,0.4021,0.0463,-0.0439,0.8348,0.0751,0.7214
nfunsw,full_scalerminmax,minmax,m4,1,47,47,0.0018844532314687,0.4394153899453926,100041,0.5188,0.0002,0.5596,0.0,0.5647,0.0,-0.0465,0.7561
nfunsw,full_scalerminmax,minmax,m4,2,47,47,0.0018844532314687,0.4384966133185983,100041,0.474,0.0008,0.4998,0.0003,0.5913,0.0,-0.1189,0.4261
nfunsw,full_scalerminmax,minmax,m4,3,47,47,0.0018844532314687,0.4285847711116134,100041,0.4955,0.0004,0.5277,0.0001,0.5795,0.0,0.0181,0.904
nfunsw,full_scalernone,none,m4,1,47,47,0.0018844532606,0.1566637938084841,100041,0.2835,0.0534,0.4489,0.0016,0.1996,0.1786,0.2765,0.0599
nfunsw,full_scalernone,none,m4,2,47,47,0.0018844532606,0.1353771333707236,100041,0.2969,0.0427,0.4053,0.0047,0.2332,0.1147,0.3183,0.0292
nfunsw,full_scalernone,none,m4,3,47,47,0.0018844532606,0.1385307840958103,100041,0.3483,0.0164,0.3446,0.0177,0.1711,0.2503,0.2288,0.1219
nfunsw,full_scalersignedlog,signedlog,m4,1,47,47,0.1927239979398892,0.4707365202394645,100041,0.1721,0.2473,0.0778,0.6033,0.4237,0.003,0.143,0.3375
nfunsw,full_scalersignedlog,signedlog,m4,2,47,47,0.1927239979398892,0.4814845498871776,100041,0.3742,0.0096,0.112,0.4535,0.4553,0.0013,0.3376,0.0203
nfunsw,full_scalersignedlog,signedlog,m4,3,47,47,0.19272399793988923,0.47528887305060863,100041,0.2269,0.1251,0.1729,0.2451,0.4755,0.0007,0.256,0.0825
nfunsw,full_scalersignedlog_minmax,signedlog_minmax,m4,1,47,47,0.1927240009739399,0.4947470596391286,100041,0.0037,0.9805,0.1368,0.359,0.4159,0.0036,0.0456,0.7609
nfunsw,full_scalersignedlog_minmax,signedlog_minmax,m4,2,47,47,0.1927240009739399,0.5021992651570566,100041,-0.057,0.7034,0.1516,0.3089,0.4383,0.0021,0.0462,0.7576
nfunsw,full_scalersignedlog_minmax,signedlog_minmax,m4,3,47,47,0.1927240009739399,0.4847877850375727,100041,0.017,0.9099,0.1406,0.346,0.4892,0.0005,0.1416,0.3423
nfunsw,full_scalerstandard,standard,m4,1,47,47,0.0018844532726573,0.3745624178733259,100041,0.4309,0.0025,0.4573,0.0012,0.3723,0.01,0.3175,0.0296
nfunsw,full_scalerstandard,standard,m4,2,47,47,0.0018844532726573,0.3962694595729344,100041,0.2367,0.1093,0.2583,0.0796,0.4779,0.0007,0.3447,0.0177
nfunsw,full_scalerstandard,standard,m4,3,47,47,0.0018844532726573,0.3971948052185804,100041,0.3448,0.0176,0.3784,0.0087,0.3593,0.0131,0.1912,0.198
