dataset,tag,scaler,variant,seed,feature,occupancy,feature_rms,n_unique,deg1_contrib,grad_x_input,perm_drop,w_norm
ciciot2023,full_scalerstandard,standard,m4,2,flow_duration,1.767231846282477e-06,1.000000007226026,307319,0.012794698,0.020385454914374018,0.0048122562387648005,1.327224
ciciot2023,full_scalerstandard,standard,m4,2,Header_Length,2.51219015196687e-05,1.0000000058663276,154860,0.16495898,0.20130852494327142,0.1173919877043672,1.4674455
ciciot2023,full_scalerstandard,standard,m4,2,Protocol Type,0.1836170313649673,1.0000000106286073,2631,0.46048445,0.7389516628313892,0.06931920548551096,1.3048973
ciciot2023,full_scalerstandard,standard,m4,2,Duration,0.0,0.999999996409092,6369,0.07656175,0.09979388775429249,0.02905328065336621,0.66727704
ciciot2023,full_scalerstandard,standard,m4,2,Rate,1.4049535365693025e-05,1.0000000098570365,268154,0.009454465,0.04631247192842907,0.004768417064969777,0.27464578
ciciot2023,full_scalerstandard,standard,m4,2,Srate,1.4049535365693025e-05,1.0000000098570365,268154,0.013491884,0.054722138674633124,0.0056371201940962345,0.6016456
ciciot2023,full_scalerstandard,standard,m4,2,Drate,0.0,0.9999999753332689,49,0.0010568801,0.05813509440489753,0.00034764180959634405,0.5193136
ciciot2023,full_scalerstandard,standard,m4,2,fin_flag_number,0.0,1.0000000146858807,2,0.53107584,1.2366254437802116,0.03706589421466877,1.6050419
ciciot2023,full_scalerstandard,standard,m4,2,syn_flag_number,0.0,0.9999999366263977,2,0.093916334,0.658641764843625,0.03833617386698085,0.7440669
ciciot2023,full_scalerstandard,standard,m4,2,rst_flag_number,0.0,1.0000000543414667,2,0.20942512,1.074895233151856,0.014098209307687681,0.7406396
ciciot2023,full_scalerstandard,standard,m4,2,psh_flag_number,0.0,1.0000000379420146,2,0.13433135,0.19625355954609955,0.01709592861398901,1.0092211
ciciot2023,full_scalerstandard,standard,m4,2,ack_flag_number,0.0,1.0000000074841413,2,0.19094227,0.2045209467110706,0.001771000781565557,0.5429369
ciciot2023,full_scalerstandard,standard,m4,2,ece_flag_number,0.0,1.0000000570654597,2,0.0006023151,0.05761387379036888,0.000235496805006008,0.3474996
ciciot2023,full_scalerstandard,standard,m4,2,cwr_flag_number,0.0,1.0000000663236874,2,3.2771066e-05,3.790766364844677e-05,0.0,0.5429771
ciciot2023,full_scalerstandard,standard,m4,2,ack_count,0.0,0.9999999745026986,236,0.36632204,0.6717914543771214,0.01716385565880496,1.0363193
ciciot2023,full_scalerstandard,standard,m4,2,syn_count,0.00483481097649348,0.9999999832496073,670,0.23821044,0.3046174301468429,0.02034952054702266,0.6199684
ciciot2023,full_scalerstandard,standard,m4,2,fin_count,0.0,0.9999999628207348,416,0.21326487,0.5691918619707051,0.05396846065727756,0.79270136
ciciot2023,full_scalerstandard,standard,m4,2,urg_count,0.0,0.9999999598947142,7836,0.049044684,0.07459517516089108,0.026798892343632308,0.8323192
ciciot2023,full_scalerstandard,standard,m4,2,rst_count,1.0713700200385918e-06,1.000000054836741,18733,0.11029643,0.149619400181847,0.11809724870032545,1.1054677
ciciot2023,full_scalerstandard,standard,m4,2,HTTP,0.0,0.9999999781522393,2,0.1959144,0.21420002937088067,0.017001542902014388,0.81256753
ciciot2023,full_scalerstandard,standard,m4,2,HTTPS,0.0,1.000000033549932,2,0.047570147,0.07221817148405867,0.028683336394433545,0.33584854
ciciot2023,full_scalerstandard,standard,m4,2,DNS,0.0,1.0000000607549313,2,0.0037496893,0.007492907965630424,0.0021754177505947103,0.42105842
ciciot2023,full_scalerstandard,standard,m4,2,SSH,0.0,0.9999999590450614,2,0.0035209977,0.04992590062686713,0.01353082767268654,0.5010068
ciciot2023,full_scalerstandard,standard,m4,2,TCP,1.0,0.999999952595075,2,0.6055454,0.7033773405613122,0.02795066669392443,1.1327319
ciciot2023,full_scalerstandard,standard,m4,2,UDP,0.0,1.0000000071116528,2,0.21734604,0.8734749924666517,0.040106215642358944,0.46970165
ciciot2023,full_scalerstandard,standard,m4,2,DHCP,0.0,0.9999999892858364,2,7.4136056e-05,7.834052439833568e-05,0.0,0.17822257
ciciot2023,full_scalerstandard,standard,m4,2,ARP,0.0,0.9999999983838314,2,0.0028784794,0.10595060435522177,0.003933659044908722,0.48125613
ciciot2023,full_scalerstandard,standard,m4,2,ICMP,0.0,1.0000000589731313,2,0.3912815,0.37019835210252666,0.016030666453208497,1.1491799
ciciot2023,full_scalerstandard,standard,m4,2,IPv,0.0,0.9999999699015119,2,0.0057253307,0.11939427392211788,-0.009439466734349589,0.58469516
ciciot2023,full_scalerstandard,standard,m4,2,LLC,0.0,0.9999999699015119,2,0.0050804717,0.1696071679245269,-0.0023315940073703745,0.6029445
ciciot2023,full_scalerstandard,standard,m4,2,Tot sum,0.0005727048420894986,1.0000000430901663,76229,0.068191186,0.10219393003027906,0.04110792458001222,0.48917955
ciciot2023,full_scalerstandard,standard,m4,2,Min,0.0009157509025740043,1.0000000378666143,24078,0.22215298,0.24708155400369927,0.031682808040333965,1.0571805
ciciot2023,full_scalerstandard,standard,m4,2,Max,0.0002115137818814192,1.0000000297460299,28588,0.10102839,0.11803536902120054,0.05135312314063489,0.5457723
ciciot2023,full_scalerstandard,standard,m4,2,AVG,0.0004507920092631837,1.0000000270925014,133883,0.081212245,0.10688436621524311,0.013736253070759097,0.49616453
ciciot2023,full_scalerstandard,standard,m4,2,Std,6.161011704950055e-05,1.0000000122861463,126948,0.11370528,0.11858154043029673,0.03093822819583314,0.67211866
ciciot2023,full_scalerstandard,standard,m4,2,Tot size,0.0006207957590417154,1.00000000079894,30909,0.08984746,0.11485101653606064,0.008132267325165476,0.40599635
ciciot2023,full_scalerstandard,standard,m4,2,IAT,0.0016251068801138428,0.9999999974112269,6939,0.029969538,0.041503630856804814,0.05886170829324866,0.45687485
ciciot2023,full_scalerstandard,standard,m4,2,Number,0.0,0.9999999542857443,96,0.025725234,0.03358667487765583,0.06132512442654814,0.4658059
ciciot2023,full_scalerstandard,standard,m4,2,Magnitue,0.0032345076773937493,0.9999999970401581,131208,0.1638555,0.1627828196354945,0.04517189117975218,0.64044267
ciciot2023,full_scalerstandard,standard,m4,2,Radius,5.843291246996292e-05,1.000000017696497,122717,0.12036328,0.14803912469332556,0.025181173422928138,0.7077164
ciciot2023,full_scalerstandard,standard,m4,2,Covariance,3.482568658336892e-08,0.999999984865334,106068,0.044708714,0.061246477298085175,0.024764089155616342,0.564571
ciciot2023,full_scalerstandard,standard,m4,2,Variance,0.07999999860907824,1.0000000356446364,317,0.36458647,0.3642883020086898,0.034347166149549135,1.2348547
ciciot2023,full_scalerstandard,standard,m4,2,Weight,0.0,1.000000042163935,102,0.030858684,0.058948992042935085,0.08088468478686972,0.4986389
