Variant,Attack,N,Recall,Precision,PR-AUC
logreg,Analysis,580,0.9913793103448276,0.16896855715545106,0.22530004326056594
logreg,Backdoor,1009,0.08325074331020813,0.018173950670705322,0.022000446077035087
logreg,Benign,627116,0.9995790252521065,0.9999984047296575,0.999977175552941
logreg,DoS,2481,0.10479645304312778,0.12048192771084337,0.0911584869841796
logreg,Exploits,19794,0.3919369505910882,0.9067321178120618,0.7490499483827553
logreg,Fuzzers,12449,0.566792513454896,0.5975103734439834,0.5975969484881697
logreg,Generic,2631,0.39300646142151274,0.304745063365753,0.2932417176762062
logreg,Reconnaissance,6143,0.5077323783167833,0.4755298063729227,0.4755630023133045
logreg,Shellcode,610,0.7491803278688525,0.09180393732422659,0.2078206858043959
logreg,Worms,67,0.8208955223880597,0.10018214936247723,0.1762696860702286
