Variant,Attack,N,Recall,Precision,PR-AUC
rf,Analysis,580,0.9620689655172414,0.2374468085106383,0.24560877091742345
rf,Backdoor,1009,0.16650148662041625,0.06102433708681439,0.07243313032780697
rf,Benign,627116,0.9999107023262044,0.9999984052588186,0.9999999420616611
rf,DoS,2481,0.3607416364369206,0.34423076923076923,0.30634347624416697
rf,Exploits,19794,0.6283217136506012,0.9067512394284047,0.8630206222544194
rf,Fuzzers,12449,0.7963691862800225,0.6677443254529535,0.6969013755211311
rf,Generic,2631,0.564804256936526,0.5630920803334597,0.5669197739520965
rf,Reconnaissance,6143,0.5078951652287156,0.7006512463507748,0.656451030700321
rf,Shellcode,610,0.7213114754098361,0.18763326226012794,0.4091765268633679
rf,Worms,67,0.8805970149253731,0.5086206896551724,0.6169029340074371
