Variant,seed,Accuracy,Precision,Recall,F1-score,MCC,PR-AUC(macro),PR-AUC(micro)
m4,1,0.792593809480649,0.596787744299925,0.7065762684421337,0.5952171826500907,0.625372700930966,0.6780871602167641,0.922264403131739
m4,2,0.7758287637088733,0.5839006251454602,0.692508233334298,0.5864658313031961,0.6127638844061777,0.6648437226595406,0.9074957615487035
m4,3,0.8057701894317049,0.5982072946020821,0.7065175405066668,0.6023547484143652,0.6396997975470018,0.6735312394481967,0.919574332330665
m4,4,0.7765510287319859,0.5966667186062182,0.7052253180462309,0.5948016893053292,0.6151351669203313,0.6714521872080895,0.9077092244245059
m4,5,0.7771996510468594,0.5950992610884537,0.7024742504413591,0.5926421863574374,0.6149744814525817,0.6701404017453114,0.9099783930307109
m4,6,0.7896254418562494,0.5965356661373096,0.7107694901348243,0.5912501715537828,0.6246947284546983,0.66765724691805,0.9099877245278557
m4,7,0.7753642481645971,0.6016754929451158,0.7042691233103299,0.6022123125484504,0.6131199551429689,0.679873808800123,0.9078557779496875
m4,8,0.794542508837125,0.6030134367261566,0.7092565162217135,0.585363308115671,0.6228699853679371,0.6634792507836325,0.9190315161256036
m4,9,0.7817824934288045,0.5958888569088688,0.7053671756582945,0.5973030085447308,0.6198727999077625,0.6672122634352395,0.906639199610103
m4,10,0.7938372382851445,0.5955155477392258,0.6960402962343207,0.6044012494283713,0.6311929865451574,0.6787703925827966,0.9190410275207763
