dataset,kind,value,variant,tag,n_seeds,PR-AUC(macro)_mean,PR-AUC(macro)_std,F1-score_mean,F1-score_std,MCC_mean,MCC_std,Accuracy_mean,Accuracy_std,oob_value_pct,oob_row_pct,dyn_range_u4_u1,n_features
ciciot2023,scaler,asinh,m4,full_scalerasinh,3,0.6667,0.0014,0.5909,0.0071,0.6355,0.0279,0.8105,0.0348,9.88050647212696e-05,0.001699447113205837,4791.83487152571,43
ciciot2023,scaler,minmax,m4,full_scalerminmax,3,0.6471,0.0039,0.5665,0.0066,0.5332,0.0053,0.7119,0.0114,9.88050647212696e-05,0.0016994471132058,0.8854368828683467,43
ciciot2023,scaler,none,m4,full_scalernone,3,0.4527,0.0197,0.3351,0.0407,0.3524,0.1656,0.601,0.3178,9.88050647212696e-05,0.0016994471132058,1.4182389112563526e+24,43
ciciot2023,scaler,quantile,m4,full_scalerquantile,3,0.7308,0.0103,0.6823,0.006,0.9687,0.0019,0.9863,0.0008,0.0,0.0,139.1015807539344,43
ciciot2023,scaler,robust_safe,m4,full_scalerrobust_safe,3,0.4279,0.0061,0.275,0.0059,0.1261,0.004,0.211,0.0006,9.88050647212696e-05,0.001699447113205837,6.139950758468179e+21,43
ciciot2023,scaler,signedlog,m4,full_scalersignedlog,3,0.6668,0.001,0.5907,0.0088,0.6305,0.0315,0.8029,0.0396,9.88050647212696e-05,0.0016994471132058,4464.482957433269,43
ciciot2023,scaler,signedlog_minmax,m4,full_scalersignedlog_minmax,3,0.6722,0.0067,0.5947,0.008,0.6259,0.0135,0.7914,0.015,9.88050647212696e-05,0.0016994471132058,0.8186021833551193,43
ciciot2023,scaler,standard,m4,full_scalerstandard,3,0.6042,0.0048,0.5401,0.0089,0.5321,0.0135,0.6806,0.0356,9.88050647212696e-05,0.0016994471132058,124881495.70763671,43
ciciot2023,scaler,winsor_minmax,m4,full_scalerwinsor_minmax,3,0.648,0.0033,0.5811,0.0029,0.5976,0.0147,0.7661,0.0168,0.0,0.0,0.8256308354586838,43
ciciot2023,scaler,yeojohnson,m4,full_scaleryeojohnson,3,0.6223,0.0143,0.5474,0.0089,0.5655,0.0184,0.7323,0.0214,5.928303883276176e-05,0.0011329647421372247,122967028.30552162,43
nfunsw,scaler,asinh,m4,full_scalerasinh,3,0.4427,0.0088,0.4014,0.0016,0.7307,0.0048,0.9647,0.0007,7.905048353599768e-05,0.0017833789085721081,1760.748700270602,47
nfunsw,scaler,minmax,m4,full_scalerminmax,3,0.3936,0.0058,0.3677,0.0122,0.7112,0.0065,0.9621,0.0009,7.905048353599768e-05,0.0017833789085721,0.7937485484660556,47
nfunsw,scaler,none,m4,full_scalernone,3,0.144,0.0112,0.1222,0.0192,0.1793,0.0205,0.5989,0.0296,7.905048353599768e-05,0.0017833789085721,4.58761679768012e+28,47
nfunsw,scaler,quantile,m4,full_scalerquantile,3,0.46,0.0058,0.4114,0.007,0.7354,0.0103,0.9653,0.0014,3.794423209727889e-05,0.001337534181429081,135.69820632956524,47
nfunsw,scaler,robust_safe,m4,full_scalerrobust_safe,3,0.1984,0.0089,0.0966,0.0,0.0155,0.0011,0.932,0.0,7.905048353599768e-05,0.0017833789085721081,5.668120674483322e+28,47
nfunsw,scaler,signedlog,m4,full_scalersignedlog,3,0.4394,0.0093,0.3999,0.0018,0.7289,0.0066,0.9644,0.0009,7.905048353599768e-05,0.0017833789085721,1582.5836079686997,47
nfunsw,scaler,signedlog_minmax,m4,full_scalersignedlog_minmax,3,0.4549,0.0036,0.408,0.0023,0.7348,0.0078,0.9652,0.001,7.905048353599768e-05,0.0017833789085721,0.6492310718402029,47
nfunsw,scaler,standard,m4,full_scalerstandard,3,0.3454,0.0123,0.3442,0.0097,0.6893,0.0159,0.9591,0.0021,7.905048353599768e-05,0.0017833789085721,44693068.00259006,47
nfunsw,scaler,winsor_minmax,m4,full_scalerwinsor_minmax,3,0.4287,0.0017,0.3927,0.0046,0.7283,0.0031,0.9644,0.0004,0.0,0.0,0.8163491447218144,47
nfunsw,scaler,yeojohnson,m4,full_scaleryeojohnson,3,0.4675,0.0078,0.4136,0.0062,0.7349,0.004,0.9652,0.0005,7.905048353599768e-05,0.0017833789085721081,105271.7722149616,47
