dataset,kind,value,variant,tag,n_seeds,PR-AUC(macro)_mean,PR-AUC(macro)_std,F1-score_mean,F1-score_std,MCC_mean,MCC_std,Accuracy_mean,Accuracy_std,max_purity_err,all_homogeneous,share_deg1,share_deg2,share_deg3,share_deg4,share_deg5,share_deg6
ciciot2023,degree,1,m4,oob_minmax_degree1,3,0.5133,0.0011,0.46,0.008,0.4923,0.0031,0.6498,0.0034,,,1.0,,,,,
ciciot2023,degree,1,m4,oob_signedlog_degree1,3,0.5817,0.0026,0.5148,0.0023,0.5239,0.006,0.6975,0.0002,,,1.0,,,,,
ciciot2023,degree,2,m4,full_degree2,3,0.6554,0.0023,0.5814,0.0045,0.6257,0.035,0.8068,0.0438,0.0,True,0.7069,0.2931,,,,
ciciot2023,degree,2,m4,oob_minmax_degree2,3,0.6419,0.0034,0.5597,0.0024,0.5423,0.0056,0.6981,0.0069,0.0,True,0.1238,0.8762,,,,
ciciot2023,degree,2,m4,oob_signedlog_degree2,3,0.6554,0.0023,0.5814,0.0045,0.6257,0.035,0.8068,0.0438,0.0,True,0.7069,0.2931,,,,
ciciot2023,degree,3,m4,full_degree3,3,0.657,0.008,0.5799,0.0057,0.6284,0.0296,0.8088,0.0423,0.0,True,0.4807,0.2644,0.2549,,,
ciciot2023,degree,3,m4,oob_minmax_degree3,3,0.6491,0.0034,0.5681,0.0096,0.5447,0.0124,0.7147,0.0101,0.0,True,0.1562,0.3324,0.5114,,,
ciciot2023,degree,3,m4,oob_signedlog_degree3,3,0.657,0.008,0.5799,0.0057,0.6284,0.0296,0.8088,0.0423,0.0,True,0.4807,0.2644,0.2549,,,
ciciot2023,degree,4,m4,full_degree4,3,0.6668,0.001,0.5907,0.0088,0.6305,0.0315,0.8029,0.0396,0.0,True,0.3955,0.3026,0.1478,0.1541,,
ciciot2023,degree,4,m4,oob_minmax_degree4,3,0.6471,0.0039,0.5665,0.0066,0.5332,0.0053,0.7119,0.0114,0.0,True,0.0984,0.1988,0.3079,0.3948,,
ciciot2023,degree,4,m4,oob_signedlog_degree4,3,0.6668,0.001,0.5907,0.0088,0.6305,0.0315,0.8029,0.0396,0.0,True,0.3955,0.3026,0.1478,0.1541,,
ciciot2023,degree,5,m4,full_degree5,3,0.6726,0.0005,0.5949,0.0103,0.6411,0.0341,0.812,0.0383,0.0,True,0.1882,0.2014,0.3336,0.1183,0.1585,
ciciot2023,degree,6,m4,full_degree6,3,0.6683,0.0045,0.5895,0.0034,0.6253,0.0025,0.8016,0.0175,2.9650828064855536e-35,True,0.1378,0.15,0.2961,0.1378,0.0673,0.211
nfunsw,degree,1,m4,oob_minmax_degree1,3,0.2861,0.0013,0.3103,0.0035,0.6747,0.0028,0.9571,0.0004,,,1.0,,,,,
nfunsw,degree,1,m4,oob_signedlog_degree1,3,0.3209,0.0036,0.3538,0.0032,0.6953,0.0069,0.9594,0.001,,,1.0,,,,,
nfunsw,degree,2,m4,full_degree2,3,0.3982,0.003,0.3793,0.0046,0.7206,0.0092,0.9633,0.0012,0.0,True,0.7444,0.2556,,,,
nfunsw,degree,2,m4,oob_minmax_degree2,3,0.3423,0.0097,0.336,0.0054,0.6875,0.0103,0.9589,0.0014,0.0,True,0.2267,0.7733,,,,
nfunsw,degree,2,m4,oob_signedlog_degree2,3,0.3982,0.003,0.3793,0.0046,0.7206,0.0092,0.9633,0.0012,0.0,True,0.7444,0.2556,,,,
nfunsw,degree,3,m4,full_degree3,3,0.4144,0.0027,0.392,0.0037,0.7255,0.0092,0.964,0.0012,0.0,True,0.4349,0.4438,0.1213,,,
nfunsw,degree,3,m4,oob_minmax_degree3,3,0.3765,0.0033,0.361,0.0126,0.7051,0.0089,0.9612,0.0012,0.0,True,0.3,0.487,0.213,,,
nfunsw,degree,3,m4,oob_signedlog_degree3,3,0.4144,0.0027,0.392,0.0037,0.7255,0.0092,0.964,0.0012,0.0,True,0.4349,0.4438,0.1213,,,
nfunsw,degree,4,m4,full_degree4,3,0.4394,0.0093,0.3999,0.0018,0.7289,0.0066,0.9644,0.0009,0.0,True,0.1327,0.1157,0.5429,0.2087,,
nfunsw,degree,4,m4,oob_minmax_degree4,3,0.3936,0.0058,0.3677,0.0122,0.7112,0.0065,0.9621,0.0009,0.0,True,0.2788,0.4166,0.1376,0.1669,,
nfunsw,degree,4,m4,oob_signedlog_degree4,3,0.4394,0.0093,0.3999,0.0018,0.7289,0.0066,0.9644,0.0009,0.0,True,0.1327,0.1157,0.5429,0.2087,,
nfunsw,degree,5,m4,full_degree5,3,0.456,0.0077,0.4068,0.0034,0.7312,0.0029,0.9647,0.0004,0.0,True,0.123,0.13,0.3434,0.3071,0.0965,
nfunsw,degree,6,m4,full_degree6,3,0.458,0.003,0.4111,0.004,0.7352,0.0031,0.9653,0.0004,0.0,True,0.0813,0.153,0.2141,0.2255,0.2283,0.0978
