seed,feature,occupancy_a,occupancy_b,dlog_occ,share_grad_x_input_a,share_grad_x_input_b,share_perm_drop_a,share_perm_drop_b,share_deg1_contrib_a,share_deg1_contrib_b,dshare_grad_x_input,dshare_perm_drop,dshare_deg1_contrib
1,IN_BYTES,0.0001031052549998,0.1117745912107497,6.988489184190161,9.567396444918946e-05,0.0064957372977941,0.0007368397138525,0.0026439355136752,1.0207002535496594e-05,0.0187118211143928,0.0064000633333449,0.0019070957998226,0.0187016141118573
1,IN_PKTS,0.0018844532314687,0.2018463917742806,4.673869255419248,0.0001491413188608,0.0095833863901537,0.0004881861585792,0.004571870264146,5.523055147338996e-05,0.0025366524826476,0.0094342450712928,0.0040836841055667,0.0024814219311742
1,OUT_BYTES,0.0010160725256258,0.2309565844514756,5.426285016661634,0.0004472393865345,0.0137555286870174,0.0023740661713359,0.0110818311567458,4.146672942065333e-05,0.0141664984889587,0.0133082893004829,0.0087077649854099,0.014125031759538
1,OUT_PKTS,0.0034489017562009,0.1879369528595292,3.998050700625949,0.002014049281834,0.0112765995928575,0.0087244351629462,0.009400075084588,5.447980554201924e-05,0.0097324124458123,0.0092625503110234,0.0006756399216418,0.0096779326402703
1,FLOW_DURATION_MILLISECONDS,0.003588585862582,0.3901044533009156,4.688656317487704,0.0005777174502589,0.0273267359575247,0.0025647099974018,0.0382617078919599,0.0003512637741847,0.0031326670175081,0.0267490185072657,0.0356969978945581,0.0027814032433234
1,DURATION_IN,0.0034398077150399,0.3788073523084345,4.70161219756443,0.0005206440730685,0.0040896911733755,0.0012449485256083,0.0008047858378135,0.0005038478220624,0.0250548395046315,0.0035690471003069,-0.0004401626877948,0.024550991682569
1,DURATION_OUT,0.0034154248204079,0.3782002690811717,4.707121984054204,0.0005650927238516,0.0089422430082984,0.0036911152314154,0.0217455301087789,0.0005341969839228,0.0083266834295878,0.0083771502844467,0.0180544148773635,0.007792486445665
1,LONGEST_FLOW_PKT,0.8464673757553101,0.6428968848443944,-0.2750873150100603,0.0749924096577057,0.0150565262713691,0.0707386270931555,0.0065057222114142,0.0663312442215382,0.0186430827510803,-0.0599358833863365,-0.0642329048817412,-0.0476881614704578
1,MAX_IP_PKT_LEN,0.8464673757553101,0.6428968848443944,-0.2750873150100603,0.1523945832445858,0.0112919924144557,0.1031443348457732,0.0080386209778913,0.0449743746716179,0.0114731173377862,-0.1411025908301301,-0.0951057138678818,-0.0335012573338316
1,SRC_TO_DST_SECOND_BYTES,0.1022113722283393,0.4494517598061358,1.480985582648635,0.0100918702856508,0.0164441102392488,0.0481976465540021,0.0580885206992681,0.01976763463694,0.025662128238938,0.006352239953598,0.009890874145266,0.005894493601998
1,DST_TO_SRC_SECOND_BYTES,0.0161895429819177,0.3534181183206815,3.0832862882907364,0.0072871267492526,0.0264108337528805,0.0228555484938652,0.0403281435462042,0.0026857192231295,0.0239646168063545,0.0191237070036278,0.0174725950523389,0.0212788975832249
1,RETRANSMITTED_IN_BYTES,4.278192300603778e-05,0.1468164095262833,8.140822516732888,5.3061202666598936e-05,0.0392421832400421,5.12376657511068e-05,0.0205098462653101,7.64479071842393e-06,0.0387424746716704,0.0391891220373755,0.020458608599559,0.038734829880952
1,RETRANSMITTED_IN_PKTS,0.0005951790371909,0.1503816608311035,5.532069483974377,2.106961892210057e-05,0.0130346383802134,0.0002357326926447,0.0246680859939972,2.7459518842780035e-05,0.0006734743971411,0.0130135687612912,0.0244323533013524,0.0006460148782983
1,RETRANSMITTED_OUT_BYTES,0.0008637995342724,0.5537476537816386,6.46312364200425,0.0005927291150165,0.0109832986275743,0.016261610835375,0.0470671046780962,6.6063252769331e-05,0.0532302722066418,0.0103905695125578,0.0308054938427211,0.0531642089538725
1,RETRANSMITTED_OUT_PKTS,0.0023610605858266,0.3063763936530178,4.865703471823772,0.0007937522906041,0.0130051710853768,0.0049174406659172,0.0361349185714284,7.355769099049094e-05,0.0091020964634227,0.0122114187947726,0.0312174779055111,0.0090285387724322
1,SRC_TO_DST_AVG_THROUGHPUT,0.0254925201879814,0.2180921213790506,2.1465324654882294,0.0053429711337948,0.0567550690646037,0.0195131374494325,0.0127877950105096,0.0066565258616798,0.110682914677084,0.0514120979308088,-0.0067253424389228,0.1040263888154042
1,DST_TO_SRC_AVG_THROUGHPUT,0.1359046595171094,0.2211375827493087,0.4868314472579942,0.0120001380141,0.1339297665359851,0.0661299761130014,0.0419597682358003,0.0243835510665415,0.0576070084520279,0.121929628521885,-0.0241702078772011,0.0332234573854864
1,NUM_PKTS_UP_TO_128_BYTES,0.015625,0.1950009526935923,2.524132248537512,0.0194948201194449,0.048331326730294,0.0205800867323559,0.0288527135317883,0.0014898374335597,0.0161877046266003,0.028836506610849,0.0082726267994323,0.0146978671930405
1,NUM_PKTS_128_TO_256_BYTES,0.0067114094272255,0.1927239979398892,3.357450125208718,0.006505858434681,0.001861497775054,0.0372325655952347,0.0251026696111384,0.0012554202068636,0.0012721639118913,-0.004644360659627,-0.0121298959840962,1.674370502764179e-05
1,NUM_PKTS_256_TO_512_BYTES,0.0007800312014296,0.1399557150956293,5.189747410089571,0.0002516736152631,0.0024680623517115,0.0011350870750893,0.0260950864788679,2.3398910199475163e-05,0.0012867800698365,0.0022163887364484,0.0249599994037786,0.001263381159637
1,NUM_PKTS_1024_TO_1514_BYTES,0.0006857143016532,0.2625328453494674,5.947670407242228,0.0006250308147959,0.0126476042810071,0.0013011504467766,0.0584828553339957,8.048148235779278e-05,0.0028819838607526,0.0120225734662112,0.0571817048872191,0.0028015023783949
1,TCP_WIN_MAX_IN,0.2651488557457924,0.1103374068109444,-0.8767483823120628,0.0131234203591609,0.016707178048641,0.0333489457603286,0.0126890993577897,0.1005037439081442,0.099153567651095,0.0035837576894801,-0.0206598464025389,-0.0013501762570492
1,TCP_WIN_MAX_OUT,0.1104820594191551,0.0624941095618064,-0.5697808442888679,0.0115575779814384,0.0189938807169139,0.0102987813965034,0.0083791641758529,0.0369497622673749,0.05829931905991,0.0074363027354754,-0.0019196172206504,0.0213495567925351
1,ICMP_TYPE,0.3607677519321441,0.107685392910476,-1.2090204574564885,0.0345251451918351,0.0160547420936723,0.0374858640218151,0.013304734686439,0.0725326888716666,0.0829036700953337,-0.0184704030981628,-0.024181129335376,0.010370981223667
1,ICMP_IPV4_TYPE,0.3607843369245529,0.2122162716225187,-0.530674471338199,0.0249228885629022,0.0071385055271466,0.0487785182105017,0.0423365312203754,0.0948012646298329,0.0309274344901298,-0.0177843830357556,-0.0064419869901262,-0.063873830139703
1,SRC_TO_DST_IAT_MAX,0.002706359980948,0.4012737904732278,4.999039412031434,0.0017925045768487,0.0106073483309975,0.0106288631066421,0.0432572476528672,0.0004890308732039,0.0056277028610997,0.0088148437541488,0.0326283845462251,0.0051386719878958
1,SRC_TO_DST_IAT_AVG,0.0004950658767484,0.2686902607855674,6.296623710211929,0.000165936587575,0.0044538612945593,0.0025277615717896,0.0088624080941923,6.318063604173412e-05,0.0051548500715595,0.0042879247069842,0.0063346465224027,0.0050916694355178
1,SRC_TO_DST_IAT_STDDEV,0.0011551537318155,0.3472771274789619,5.705889663217367,0.0006996275864145,0.0063985282212663,0.0087173605876428,0.0274967398366837,7.157501829862036e-05,0.0062813435941782,0.0056989006348517,0.0187793792490408,0.0062097685758796
1,DST_TO_SRC_IAT_MAX,0.0027723688654077,0.4034360490221057,4.980315843693751,0.0011154110176712,0.0077180069214246,0.0086176340520732,0.0445756744548561,0.000383101919113,0.0101109661415068,0.0066025959037534,0.0359580404027828,0.0097278642223938
1,DST_TO_SRC_IAT_AVG,0.0006931036477908,0.2731696404220763,5.97666872275154,0.0004753839620888,0.0077559819286436,0.003359489880976,0.0192406214017408,8.590815592025898e-05,0.0133750803236448,0.0072805979665547,0.0158811315207647,0.0132891721677245
1,DST_TO_SRC_IAT_STDDEV,0.0014002660755068,0.3619463139400494,5.554833624297947,0.0005322799115145,0.0061134541405485,0.0021203802815547,0.0241216791589143,0.0001778622086509,0.0136189354281939,0.0055811742290339,0.0220012988773596,0.0134410732195429
2,IN_BYTES,0.0001031052549998,0.1117745912107497,6.988489184190161,9.38690486691176e-05,0.0133262616838018,0.0002647017594338,0.0091869351474179,3.694609818174082e-06,0.0148647822852547,0.0132323926351327,0.008922233387984,0.0148610876754365
2,IN_PKTS,0.0018844532314687,0.2018463917742806,4.673869255419248,0.0005699611354798,0.0032786781366153,0.00037961534766,0.0073914534466139,1.3294612633287232e-05,0.0016812227313144,0.0027087170011354,0.0070118380989539,0.0016679281186811
2,OUT_BYTES,0.0010160725256258,0.2309565844514756,5.426285016661634,0.0008267690188675,0.0204560628044239,0.0159708943435949,0.0229749474335977,3.111378462716903e-05,0.0185394060349983,0.0196292937855563,0.0070040530900027,0.0185082922503711
2,OUT_PKTS,0.0034489017562009,0.1879369528595292,3.998050700625949,0.0015147889694226,0.0105550817233222,0.008383440648315,0.0101789934197256,3.356212241964756e-05,0.0042487643354426,0.0090402927538996,0.0017955527714105,0.004215202213023
2,FLOW_DURATION_MILLISECONDS,0.003588585862582,0.3901044533009156,4.688656317487704,0.0010414804019711,0.0066791925646212,0.0063840666199518,0.0128319096906525,0.0001784141304391,0.0242836502878351,0.0056377121626501,0.0064478430707006,0.024105236157396
2,DURATION_IN,0.0034398077150399,0.3788073523084345,4.70161219756443,0.0004197658162775,0.0122702092536514,0.0011835500388608,0.0154973066735583,0.0002410221649994,0.0375014883861271,0.0118504434373739,0.0143137566346975,0.0372604662211276
2,DURATION_OUT,0.0034154248204079,0.3782002690811717,4.707121984054204,0.0029946956977254,0.0144484999068077,0.0047369471885408,0.0188525181739145,0.000303939087346,0.0328332153673471,0.0114538042090822,0.0141155709853737,0.0325292762800011
2,LONGEST_FLOW_PKT,0.8464673757553101,0.6428968848443944,-0.2750873150100603,0.1231982587964108,0.0148613770721866,0.0516147382610235,0.0105679789097844,0.0241915901178366,0.01440473220148,-0.1083368817242241,-0.041046759351239,-0.0097868579163565
2,MAX_IP_PKT_LEN,0.8464673757553101,0.6428968848443944,-0.2750873150100603,0.0297885331901518,0.0386469265224103,0.0764237151219165,0.0202491358108873,0.0610884321928797,0.0127278011473126,0.0088583933322584,-0.0561745793110292,-0.048360631045567
2,SRC_TO_DST_SECOND_BYTES,0.1022113722283393,0.4494517598061358,1.480985582648635,0.0075433374289181,0.0083418852159587,0.0444795837446568,0.0363795200634457,0.01665749632147,0.0329487735759027,0.0007985477870406,-0.008100063681211,0.0162912772544326
2,DST_TO_SRC_SECOND_BYTES,0.0161895429819177,0.3534181183206815,3.0832862882907364,0.0026888529561607,0.0192037165115257,0.0174123818149229,0.0285411348712199,0.0014889873666477,0.0159106950911553,0.016514863555365,0.011128753056297,0.0144217077245075
2,RETRANSMITTED_IN_BYTES,4.278192300603778e-05,0.1468164095262833,8.140822516732888,8.188004323827075e-05,0.0100273551399868,0.000229427630482,0.0207821935255076,5.115606577236671e-06,0.0698324476993016,0.0099454750967485,0.0205527658950255,0.0698273320927244
2,RETRANSMITTED_IN_PKTS,0.0005951790371909,0.1503816608311035,5.532069483974377,0.0004352051213455,0.0073515565683613,0.0008425593794918,0.0256991128041323,6.89139695377547e-06,0.004798168025566,0.0069163514470157,0.0248565534246404,0.0047912766286123
2,RETRANSMITTED_OUT_BYTES,0.0008637995342724,0.5537476537816386,6.46312364200425,0.0015405618010483,0.0129454893577733,0.009299898099061,0.0435612221818846,3.229657192128913e-05,0.034067309433664,0.011404927556725,0.0342613240828236,0.0340350128617427
2,RETRANSMITTED_OUT_PKTS,0.0023610605858266,0.3063763936530178,4.865703471823772,0.0011337393415363,0.008352007839889,0.0106943394677306,0.0425473160020391,4.7706958919721175e-05,0.0091965602294783,0.0072182684983526,0.0318529765343084,0.0091488532705586
2,SRC_TO_DST_AVG_THROUGHPUT,0.0254925201879814,0.2180921213790506,2.1465324654882294,0.0092836710286305,0.0830906610538513,0.0228590816122286,0.0144318096263348,0.0031065927274008,0.0929431941914057,0.0738069900252207,-0.0084272719858938,0.0898366014640049
2,DST_TO_SRC_AVG_THROUGHPUT,0.1359046595171094,0.2211375827493087,0.4868314472579942,0.0073158602175929,0.0983071164239943,0.0611454188384801,0.0377910429145283,0.0228678751468919,0.0518900622378821,0.0909912562064014,-0.0233543759239518,0.0290221870909902
2,NUM_PKTS_UP_TO_128_BYTES,0.015625,0.1950009526935923,2.524132248537512,0.045234121342743,0.0360129938643687,0.0482493723220279,0.0248752056746935,0.0005598936956858,0.0229468464565402,-0.0092211274783742,-0.0233741666473343,0.0223869527608544
2,NUM_PKTS_128_TO_256_BYTES,0.0067114094272255,0.1927239979398892,3.357450125208718,0.0068856504315679,0.0020998067463944,0.0205425410612347,0.0258036139423466,0.0003205766416556,0.0005780220319128,-0.0047858436851735,0.0052610728811118,0.0002574453902571
2,NUM_PKTS_256_TO_512_BYTES,0.0007800312014296,0.1399557150956293,5.189747410089571,0.0008630557014036,0.0017172804330439,0.0032790597559919,0.0282594657252387,2.372612881465111e-06,0.0027182027222266,0.0008542247316402,0.0249804059692468,0.0027158301093451
2,NUM_PKTS_1024_TO_1514_BYTES,0.0006857143016532,0.2625328453494674,5.947670407242228,0.0020957311971065,0.0175761336035753,0.0057815977430888,0.0571577516680363,6.927763459750125e-06,0.0051796962288436,0.0154804024064687,0.0513761539249474,0.0051727684653838
2,TCP_WIN_MAX_IN,0.2651488557457924,0.1103374068109444,-0.8767483823120628,0.0188037315686153,0.0320919988147325,0.0226939957471262,0.0189496664550433,0.0437778656640779,0.0442637338452554,0.0132882672461171,-0.0037443292920829,0.0004858681811775
2,TCP_WIN_MAX_OUT,0.1104820594191551,0.0624941095618064,-0.5697808442888679,0.0138739606669121,0.0263523366791864,0.0192691594468047,0.0209893268066193,0.0078910593913848,0.0594766474316735,0.0124783760122743,0.0017201673598145,0.0515855880402886
2,ICMP_TYPE,0.3607677519321441,0.107685392910476,-1.2090204574564885,0.0214060314496326,0.0336072782687725,0.0390993808782336,0.0219596660136649,0.0697341777608992,0.1182041323125316,0.0122012468191398,-0.0171397148645687,0.0484699545516324
2,ICMP_IPV4_TYPE,0.3607843369245529,0.2122162716225187,-0.530674471338199,0.0300014776060888,0.0113245224193433,0.0483832379188194,0.0275395701105257,0.0471099800324118,0.0214071150003618,-0.0186769551867455,-0.0208436678082936,-0.02570286503205
2,SRC_TO_DST_IAT_MAX,0.002706359980948,0.4012737904732278,4.999039412031434,0.0010825774009631,0.0303566690823158,0.0118903653830534,0.0447579811666413,0.0002263759665794,0.0062372972292177,0.0292740916813526,0.0328676157835878,0.0060109212626382
2,SRC_TO_DST_IAT_AVG,0.0004950658767484,0.2686902607855674,6.296623710211929,0.0004780979331994,0.0093697587224949,0.0011091229117529,0.0197727493220503,6.171781264116078e-05,0.0113692074305385,0.0088916607892955,0.0186636264102973,0.0113074896178974
2,SRC_TO_DST_IAT_STDDEV,0.0011551537318155,0.3472771274789619,5.705889663217367,0.0004179460114389,0.0151554411902082,0.000979873762512,0.0390744168843491,3.4669580102666895e-05,0.0055475152771774,0.0147374951787693,0.038094543121837,0.0055128456970747
2,DST_TO_SRC_IAT_MAX,0.0027723688654077,0.4034360490221057,4.980315843693751,0.0012659740262265,0.0086510893285951,0.0078983859610305,0.03146440112957,0.0001540192605991,0.0258261381134722,0.0073851153023685,0.0235660151685395,0.0256721188528731
2,DST_TO_SRC_IAT_AVG,0.0006931036477908,0.2731696404220763,5.97666872275154,0.0009757381843748,0.0041012817849267,0.0047039237109165,0.0213847056513253,4.8494361594071214e-05,0.0104611193202671,0.0031255436005519,0.0166807819404087,0.0104126249586731
2,DST_TO_SRC_IAT_STDDEV,0.0014002660755068,0.3619463139400494,5.554833624297947,0.000572552031853,0.0078134476814307,0.0036543752561601,0.0320047174465393,6.503398143637001e-05,0.0118128802389894,0.0072408956495776,0.0283503421903791,0.011747846257553
3,IN_BYTES,0.0001031052549998,0.1117745912107497,6.988489184190161,6.750052261631313e-05,0.0219073057261659,0.0,0.0071538146828048,4.801544367828501e-06,0.0235821943239583,0.0218398052035495,0.0071538146828048,0.0235773927795905
3,IN_PKTS,0.0018844532314687,0.2018463917742806,4.673869255419248,0.0001857563236117,0.0133029944873423,0.0,0.0036176756266168,2.2139805382579363e-05,0.0060659856673207,0.0131172381637306,0.0036176756266168,0.0060438458619381
3,OUT_BYTES,0.0010160725256258,0.2309565844514756,5.426285016661634,0.0008964051397285,0.0729004392240359,0.0099998286911788,0.045158062119052,5.083729048635627e-06,0.0038035894334456,0.0720040340843073,0.0351582334278732,0.003798505704397
3,OUT_PKTS,0.0034489017562009,0.1879369528595292,3.998050700625949,0.0009861086455147,0.0160648490817258,0.0019520405901677,0.0189383388764208,4.2003289971662375e-05,0.0157217334213479,0.015078740436211,0.0169862982862531,0.0156797301313762
3,FLOW_DURATION_MILLISECONDS,0.003588585862582,0.3901044533009156,4.688656317487704,0.0016989309642509,0.0186337327522191,0.0033381603679425,0.031833087200513,0.0001077648592426,0.0089535509291277,0.0169348017879682,0.0284949268325705,0.0088457860698851
3,DURATION_IN,0.0034398077150399,0.3788073523084345,4.70161219756443,0.0011115805653877,0.0032472023815341,0.0042837100873264,0.0092320268275421,7.61035891020288e-05,0.0255723018408395,0.0021356218161464,0.0049483167402156,0.0254961982517375
3,DURATION_OUT,0.0034154248204079,0.3782002690811717,4.707121984054204,0.0014179182814067,0.0240625367093845,0.0043733041917013,0.0400940205679062,0.0002564513415045,0.0197036943735233,0.0226446184279777,0.0357207163762049,0.0194472430320187
3,LONGEST_FLOW_PKT,0.8464673757553101,0.6428968848443944,-0.2750873150100603,0.0677490014676478,0.0071958069063538,0.078865092700799,0.0039796941859244,0.009223895731956,0.0201055446287923,-0.0605531945612939,-0.0748853985148745,0.0108816488968362
3,MAX_IP_PKT_LEN,0.8464673757553101,0.6428968848443944,-0.2750873150100603,0.0781289128786634,0.0244854629284613,0.0653684901425517,0.018278278732216,0.0510942240900287,0.0103428454518082,-0.053643449950202,-0.0470902114103356,-0.0407513786382204
3,SRC_TO_DST_SECOND_BYTES,0.1022113722283393,0.4494517598061358,1.480985582648635,0.0087301729687753,0.0160606770047172,0.0432888817150988,0.0539698202450997,0.0138253272300527,0.0222276624524903,0.0073305040359418,0.0106809385300008,0.0084023352224376
3,DST_TO_SRC_SECOND_BYTES,0.0161895429819177,0.3534181183206815,3.0832862882907364,0.003614935837699,0.0191908609352689,0.0125631404931979,0.0389252831638299,0.0011758450094939,0.0257105101580225,0.0155759250975698,0.026362142670632,0.0245346651485285
3,RETRANSMITTED_IN_BYTES,4.278192300603778e-05,0.1468164095262833,8.140822516732888,0.0001306175079646,0.007242617557865,0.0001698262428899,0.0238253556802992,3.2431583572854e-06,0.0459265206963501,0.0071120000499003,0.0236555294374093,0.0459232775379928
3,RETRANSMITTED_IN_PKTS,0.0005951790371909,0.1503816608311035,5.532069483974377,0.0002675411608191,0.0128319313831507,1.411589869664236e-05,0.0331840912994865,1.4728746234738011e-05,0.0006592282863654,0.0125643902223315,0.0331699754007899,0.0006444995401307
3,RETRANSMITTED_OUT_BYTES,0.0008637995342724,0.5537476537816386,6.46312364200425,0.0015314090317832,0.0209237394484411,0.0078428343957388,0.046346581240965,7.577657702099245e-06,0.0305834238934258,0.0193923304166578,0.0385037468452262,0.0305758462357237
3,RETRANSMITTED_OUT_PKTS,0.0023610605858266,0.3063763936530178,4.865703471823772,0.0014214487772964,0.0206673503041979,0.0058877070662284,0.0385638279568746,9.419165513569256e-06,0.0119469374856216,0.0192459015269015,0.0326761208906462,0.011937518320108
3,SRC_TO_DST_AVG_THROUGHPUT,0.0254925201879814,0.2180921213790506,2.1465324654882294,0.0065681088365975,0.0346911907728292,0.0148306585989721,0.0069112665247773,0.0025921879441279,0.1158831522651896,0.0281230819362317,-0.0079193920741948,0.1132909643210617
3,DST_TO_SRC_AVG_THROUGHPUT,0.1359046595171094,0.2211375827493087,0.4868314472579942,0.0137855426736502,0.0641750939083941,0.0532810559688286,0.0224255850643753,0.0189727365653991,0.1395981272234808,0.0503895512347438,-0.0308554709044532,0.1206253906580816
3,NUM_PKTS_UP_TO_128_BYTES,0.015625,0.1950009526935923,2.524132248537512,0.063491946459869,0.0377716284242089,0.0573542498784778,0.0289321112853615,0.0002606703072764,0.0309795350317493,-0.02572031803566,-0.0284221385931163,0.0307188647244728
3,NUM_PKTS_128_TO_256_BYTES,0.0067114094272255,0.1927239979398892,3.357450125208718,0.0101194248362633,0.0057299808240647,0.0221608690834642,0.0263353741091122,0.000260092459897,0.0006590152489288,-0.0043894440121985,0.0041745050256479,0.0003989227890317
3,NUM_PKTS_256_TO_512_BYTES,0.0007800312014296,0.1399557150956293,5.189747410089571,0.0026859784582981,0.0024399668456724,0.0051924197507769,0.0349876365229763,8.685201345602111e-06,0.0016693096364566,-0.0002460116126257,0.0297952167721993,0.001660624435111
3,NUM_PKTS_1024_TO_1514_BYTES,0.0006857143016532,0.2625328453494674,5.947670407242228,0.0006438711724279,0.0274419399792227,0.0004298546770043,0.0573227267551971,3.2925157784823206e-05,0.0058363696736573,0.0267980688067948,0.0568928720781928,0.0058034445158725
3,TCP_WIN_MAX_IN,0.2651488557457924,0.1103374068109444,-0.8767483823120628,0.0381228389436092,0.0179140152968976,0.044809491092164,0.0249920781417495,0.0337255499457639,0.0193010690720399,-0.0202088236467115,-0.0198174129504144,-0.0144244808737239
3,TCP_WIN_MAX_OUT,0.1104820594191551,0.0624941095618064,-0.5697808442888679,0.0139538017140251,0.0312839753940685,0.0151881861167261,0.0151894820608797,0.0145181205527351,0.0554461762334979,0.0173301736800433,1.2959441536425365e-06,0.0409280556807627
3,ICMP_TYPE,0.3607677519321441,0.107685392910476,-1.2090204574564885,0.0267266872651757,0.0130481650726062,0.0449273226043774,0.0098993987449587,0.0520401378411414,0.1049079481406117,-0.0136785221925695,-0.0350279238594187,0.0528678102994702
3,ICMP_IPV4_TYPE,0.3607843369245529,0.2122162716225187,-0.530674471338199,0.027641458631225,0.0139412652553912,0.048734630550661,0.0246586350633979,0.0440284112335129,0.0336313857360959,-0.0137001933758338,-0.024075995487263,-0.010397025497417
3,SRC_TO_DST_IAT_MAX,0.002706359980948,0.4012737904732278,4.999039412031434,0.0026674868742029,0.0111025766619329,0.0175800690917445,0.0371053715267758,0.0001512892843965,0.0132458476995401,0.0084350897877299,0.0195253024350312,0.0130945584151436
3,SRC_TO_DST_IAT_AVG,0.0004950658767484,0.2686902607855674,6.296623710211929,0.0017335498906768,0.0058337616046916,0.0077062204244995,0.0158587289009953,3.304989900084174e-05,0.0075748274705681,0.0041002117140148,0.0081525084764958,0.0075417775715673
3,SRC_TO_DST_IAT_STDDEV,0.0011551537318155,0.3472771274789619,5.705889663217367,0.0005154092206479,0.0081984948884801,0.003140389969452,0.0225720144949188,5.02304449368659e-05,0.0048095529405857,0.0076830856678321,0.0194316245254667,0.0047593224956489
3,DST_TO_SRC_IAT_MAX,0.0027723688654077,0.4034360490221057,4.980315843693751,0.0014775950448575,0.008687861564745,0.012753614280262,0.0274015863937609,0.0001095945329423,0.0052281735679839,0.0072102665198874,0.0146479721134989,0.0051185790350415
3,DST_TO_SRC_IAT_AVG,0.0006931036477908,0.2731696404220763,5.97666872275154,0.0009018405452555,0.0033268132835816,0.0050430504565233,0.0108774154656053,3.351334071634418e-05,0.0121409143298421,0.0024249727383261,0.0058343650090819,0.0121074009891258
3,DST_TO_SRC_IAT_STDDEV,0.0014002660755068,0.3619463139400494,5.554833624297947,0.0007649250097087,0.0028230225588485,0.00390356686239,0.0155952509306268,1.874695791296053e-05,0.0103983343959647,0.0020580975491397,0.0116916840682367,0.0103795874380518
