dataset,model,contrast,role,n_seeds,n_pos,baseline,proposed,delta_pp,delta_rel_pct,sd_diff_pp,ci_lo_pp,ci_hi_pp,t,d_z,p_raw,p_perm_exact,p_perm_floor,p_holm
ciciot2023,m4,Signed-log - Min-Max,primary,10,10,0.6484,0.668,1.96,3.0,0.41,1.67,2.25,15.11,4.78,1.059315060585888e-07,0.00195,0.00195,2.118630121171776e-07
ciciot2023,m4,SLog+MinMax - Min-Max,primary,10,10,0.6484,0.6715,2.31,3.6,0.85,1.7,2.92,8.54,2.7,1.3101281179785388e-05,0.00195,0.00195,1.3101281179785388e-05
ciciot2023,m4,SLog+MinMax - Signed-log,diagnostic,10,6,0.668,0.6715,0.35,0.5,0.55,-0.04,0.74,2.01,0.63,0.0756778646029537,0.07812,0.00195,
ciciot2023,m4,Min-Max - Z-score,diagnostic,3,3,0.6042,0.6471,4.28,7.1,0.59,2.83,5.74,12.66,7.31,0.0061833106900362,0.25,0.25,
ciciot2023,m4,Z-score - No scaling,diagnostic,3,3,0.4527,0.6042,15.16,33.5,2.17,9.76,20.56,12.07,6.97,0.0067907886418137,0.25,0.25,
nfunsw,m4,Signed-log - Min-Max,primary,10,10,0.3866,0.4403,5.37,13.9,1.05,4.62,6.12,16.13,5.1,6.005243080940262e-08,0.00195,0.00195,6.005243080940262e-08
nfunsw,m4,SLog+MinMax - Min-Max,primary,10,10,0.3866,0.4553,6.87,17.8,1.11,6.07,7.66,19.5,6.17,1.1346377429307197e-08,0.00195,0.00195,2.2692754858614397e-08
nfunsw,m4,SLog+MinMax - Signed-log,diagnostic,10,10,0.4403,0.4553,1.5,3.4,0.59,1.07,1.92,7.95,2.51,2.321708950395486e-05,0.00195,0.00195,
nfunsw,m4,Min-Max - Z-score,diagnostic,3,3,0.3454,0.3936,4.81,13.9,1.78,0.38,9.24,4.67,2.7,0.0428551066680803,0.25,0.25,
nfunsw,m4,Z-score - No scaling,diagnostic,3,3,0.144,0.3454,20.15,139.9,2.31,14.4,25.89,15.08,8.71,0.0043680174493408,0.25,0.25,
